{"commitInfo":{"timestamp":1583253161522,"userId":"6600767698299544","userName":"mike.petridisz@datapao.com","operation":"WRITE","operationParameters":{"mode":"Overwrite","partitionBy":"[]"},"notebook":{"notebookId":"3634660189822264"},"clusterId":"1127-103033-hexed526","isolationLevel":"WriteSerializable","isBlindAppend":false}}
{"protocol":{"minReaderVersion":1,"minWriterVersion":2}}
{"metaData":{"id":"7152a3a5-5450-46a2-a52f-c03a35a06bcc","format":{"provider":"parquet","options":{}},"schemaString":"{\"type\":\"struct\",\"fields\":[{\"name\":\"EAN13\",\"type\":\"long\",\"nullable\":true,\"metadata\":{}},{\"name\":\"EAN5\",\"type\":\"long\",\"nullable\":true,\"metadata\":{}},{\"name\":\"PO\",\"type\":\"long\",\"nullable\":true,\"metadata\":{}},{\"name\":\"datetime\",\"type\":\"long\",\"nullable\":true,\"metadata\":{}},{\"name\":\"price\",\"type\":\"string\",\"nullable\":true,\"metadata\":{}},{\"name\":\"product_name\",\"type\":\"string\",\"nullable\":true,\"metadata\":{}},{\"name\":\"product_unit\",\"type\":\"string\",\"nullable\":true,\"metadata\":{}},{\"name\":\"purchaser\",\"type\":\"string\",\"nullable\":true,\"metadata\":{}},{\"name\":\"quantity\",\"type\":\"long\",\"nullable\":true,\"metadata\":{}},{\"name\":\"supplier\",\"type\":\"string\",\"nullable\":true,\"metadata\":{}},{\"name\":\"password_hash\",\"type\":\"string\",\"nullable\":true,\"metadata\":{}},{\"name\":\"missing_price\",\"type\":\"boolean\",\"nullable\":true,\"metadata\":{}},{\"name\":\"banned_supplier\",\"type\":\"boolean\",\"nullable\":true,\"metadata\":{}},{\"name\":\"warehouse_alert\",\"type\":\"string\",\"nullable\":true,\"metadata\":{}}]}","partitionColumns":[],"configuration":{},"createdTime":1583253159104}}
{"add":{"path":"part-00000-06d5cc45-8388-41cd-b6a9-173c0a4bd498-c000.snappy.parquet","partitionValues":{},"size":194057,"modificationTime":1583253160000,"dataChange":true,"stats":"{\"numRecords\":3908,\"minValues\":{\"EAN13\":2198122549848,\"EAN5\":54984,\"PO\":934211515,\"datetime\":1564619448,\"price\":\"$ 10\",\"product_name\":\"128GB iPod touch (Gold) (6th Gen\",\"product_unit\":\"pcs\",\"purchaser\":\"ASSAF,  MAJED\",\"quantity\":5,\"supplier\":\"Ankyo\",\"password_hash\":\"00026c5ecdb0e6533c5f915d53e6f4bd\",\"warehouse_alert\":\"green\"},\"maxValues\":{\"EAN13\":2198122550813,\"EAN5\":55081,\"PO\":934215514,\"datetime\":1572392614,\"price\":\"YEN 59\",\"product_name\":\"h.ear go Wireless Speaker (Virid�\",\"product_unit\":\"pcs\",\"purchaser\":\"WILKINS,  SHANE E\",\"quantity\":50,\"supplier\":\"Zamaha\",\"password_hash\":\"fff1163d7d2b686a00cf87bc3c269a5d�\",\"warehouse_alert\":\"red\"},\"nullCount\":{\"EAN13\":0,\"EAN5\":0,\"PO\":0,\"datetime\":0,\"price\":0,\"product_name\":0,\"product_unit\":0,\"purchaser\":0,\"quantity\":0,\"supplier\":0,\"password_hash\":0,\"missing_price\":0,\"banned_supplier\":0,\"warehouse_alert\":0}}"}}
