{"commitInfo":{"timestamp":1583235934993,"userId":"6600767698299544","userName":"mike.petridisz@datapao.com","operation":"WRITE","operationParameters":{"mode":"Overwrite","partitionBy":"[]"},"notebook":{"notebookId":"1385337752948033"},"clusterId":"1127-103033-hexed526","isolationLevel":"WriteSerializable","isBlindAppend":false}}
{"protocol":{"minReaderVersion":1,"minWriterVersion":2}}
{"metaData":{"id":"90394d0c-506b-4211-939b-4afbd2deec0e","format":{"provider":"parquet","options":{}},"schemaString":"{\"type\":\"struct\",\"fields\":[{\"name\":\"supplier_id\",\"type\":\"integer\",\"nullable\":true,\"metadata\":{}},{\"name\":\"tax_id\",\"type\":\"integer\",\"nullable\":true,\"metadata\":{}},{\"name\":\"supplier_name\",\"type\":\"string\",\"nullable\":true,\"metadata\":{}},{\"name\":\"state\",\"type\":\"string\",\"nullable\":true,\"metadata\":{}},{\"name\":\"city\",\"type\":\"string\",\"nullable\":true,\"metadata\":{}},{\"name\":\"postcode\",\"type\":\"double\",\"nullable\":true,\"metadata\":{}},{\"name\":\"street\",\"type\":\"string\",\"nullable\":true,\"metadata\":{}},{\"name\":\"number\",\"type\":\"double\",\"nullable\":true,\"metadata\":{}},{\"name\":\"unit\",\"type\":\"integer\",\"nullable\":true,\"metadata\":{}},{\"name\":\"region\",\"type\":\"string\",\"nullable\":true,\"metadata\":{}},{\"name\":\"district\",\"type\":\"string\",\"nullable\":true,\"metadata\":{}},{\"name\":\"lon\",\"type\":\"double\",\"nullable\":true,\"metadata\":{}},{\"name\":\"lat\",\"type\":\"double\",\"nullable\":true,\"metadata\":{}},{\"name\":\"items_provided\",\"type\":\"string\",\"nullable\":true,\"metadata\":{}}]}","partitionColumns":[],"configuration":{},"createdTime":1583235933095}}
{"add":{"path":"part-00000-d143db6a-a976-4ad8-a23d-c927b26f0234-c000.snappy.parquet","partitionValues":{},"size":8283,"modificationTime":1583235934000,"dataChange":true,"stats":"{\"numRecords\":15,\"minValues\":{\"supplier_id\":1414989,\"tax_id\":192206348,\"supplier_name\":\"Ankyo\",\"state\":\"CA\",\"city\":\"ANAHEIM\",\"postcode\":1930.0,\"street\":\"8th Street\",\"number\":6.0,\"unit\":1,\"region\":\"IL\",\"district\":\"ESSEX\",\"lon\":-121.12123559999999,\"lat\":33.213522,\"items_provided\":\"15.4 NakBook Pro with Touch Bar \"},\"maxValues\":{\"supplier_id\":57100396,\"tax_id\":954685951,\"supplier_name\":\"Zamaha\",\"state\":\"WI\",\"city\":\"Wadsworth\",\"postcode\":93930.0,\"street\":\"WOODWARD AVE\",\"number\":27279.0,\"unit\":13,\"region\":\"TX\",\"district\":\"SUFFOLK\",\"lon\":-70.679673,\"lat\":46.6441497,\"items_provided\":\"Zamaha - MusicCast 5.1-Ch. 4K Ul�\"},\"nullCount\":{\"supplier_id\":0,\"tax_id\":0,\"supplier_name\":0,\"state\":0,\"city\":2,\"postcode\":0,\"street\":1,\"number\":1,\"unit\":13,\"region\":8,\"district\":11,\"lon\":0,\"lat\":0,\"items_provided\":0}}"}}
