{"commitInfo":{"timestamp":1583849541057,"userId":"8547104844435552","userName":"cagdas.yetkin@datapao.com","operation":"WRITE","operationParameters":{"mode":"Overwrite","partitionBy":"[]"},"notebook":{"notebookId":"368894069249810"},"clusterId":"1127-103033-hexed526","isolationLevel":"WriteSerializable","isBlindAppend":false}}
{"protocol":{"minReaderVersion":1,"minWriterVersion":2}}
{"metaData":{"id":"7edb20df-8ab8-47ee-b101-dfe9c9e89903","format":{"provider":"parquet","options":{}},"schemaString":"{\"type\":\"struct\",\"fields\":[{\"name\":\"product_name\",\"type\":\"string\",\"nullable\":true,\"metadata\":{}},{\"name\":\"EAN13\",\"type\":\"long\",\"nullable\":true,\"metadata\":{}},{\"name\":\"EAN5\",\"type\":\"long\",\"nullable\":true,\"metadata\":{}},{\"name\":\"PO\",\"type\":\"long\",\"nullable\":true,\"metadata\":{}},{\"name\":\"PO_datetime\",\"type\":\"long\",\"nullable\":true,\"metadata\":{}},{\"name\":\"product_unit\",\"type\":\"string\",\"nullable\":true,\"metadata\":{}},{\"name\":\"quantity\",\"type\":\"long\",\"nullable\":true,\"metadata\":{}},{\"name\":\"supplier\",\"type\":\"string\",\"nullable\":true,\"metadata\":{}},{\"name\":\"receipt_datetime\",\"type\":\"long\",\"nullable\":true,\"metadata\":{}},{\"name\":\"receipt_id\",\"type\":\"long\",\"nullable\":true,\"metadata\":{}},{\"name\":\"product_id\",\"type\":\"string\",\"nullable\":true,\"metadata\":{}}]}","partitionColumns":[],"configuration":{},"createdTime":1583849539151}}
{"add":{"path":"part-00000-9c53d70f-1e9c-4a8c-a122-2dfcc52c251d-c000.snappy.parquet","partitionValues":{},"size":98029,"modificationTime":1583849540000,"dataChange":true,"stats":"{\"numRecords\":3993,\"minValues\":{\"product_name\":\"128GB iPod touch (Gold) (6th Gen\",\"EAN13\":2198122549848,\"EAN5\":54984,\"PO\":934211515,\"PO_datetime\":1564619448,\"product_unit\":\"pcs\",\"quantity\":5,\"supplier\":\"Ankyo\",\"receipt_datetime\":1565051448,\"receipt_id\":939767070,\"product_id\":\"AV1YFjNZglJLPUi8IGc8\"},\"maxValues\":{\"product_name\":\"h.ear go Wireless Speaker (Virid�\",\"EAN13\":2198122550813,\"EAN5\":55081,\"PO\":934215514,\"PO_datetime\":1572392614,\"product_unit\":\"pcs\",\"quantity\":50,\"supplier\":\"Zamaha\",\"receipt_datetime\":1572824614,\"receipt_id\":939771069,\"product_id\":\"AVzxl9XGvKc47QAVfStn\"},\"nullCount\":{\"product_name\":0,\"EAN13\":0,\"EAN5\":0,\"PO\":0,\"PO_datetime\":0,\"product_unit\":0,\"quantity\":0,\"supplier\":0,\"receipt_datetime\":0,\"receipt_id\":0,\"product_id\":85}}"}}
