{"commitInfo":{"timestamp":1583332163777,"userId":"6066603900543584","userName":"zoltan@datapao.com","operation":"WRITE","operationParameters":{"mode":"Overwrite","partitionBy":"[]"},"notebook":{"notebookId":"3634660189822324"},"clusterId":"1127-103033-hexed526","isolationLevel":"WriteSerializable","isBlindAppend":false}}
{"protocol":{"minReaderVersion":1,"minWriterVersion":2}}
{"metaData":{"id":"efa897a0-cbda-4a62-9523-b17cdf282ca1","format":{"provider":"parquet","options":{}},"schemaString":"{\"type\":\"struct\",\"fields\":[{\"name\":\"EAN13\",\"type\":\"long\",\"nullable\":true,\"metadata\":{}},{\"name\":\"EAN5\",\"type\":\"long\",\"nullable\":true,\"metadata\":{}},{\"name\":\"PO\",\"type\":\"long\",\"nullable\":true,\"metadata\":{}},{\"name\":\"datetime\",\"type\":\"long\",\"nullable\":true,\"metadata\":{}},{\"name\":\"product_name\",\"type\":\"string\",\"nullable\":true,\"metadata\":{}},{\"name\":\"product_unit\",\"type\":\"string\",\"nullable\":true,\"metadata\":{}},{\"name\":\"purchaser\",\"type\":\"string\",\"nullable\":true,\"metadata\":{}},{\"name\":\"quantity\",\"type\":\"long\",\"nullable\":true,\"metadata\":{}},{\"name\":\"supplier\",\"type\":\"string\",\"nullable\":true,\"metadata\":{}},{\"name\":\"password_hash\",\"type\":\"string\",\"nullable\":true,\"metadata\":{}},{\"name\":\"missing_price\",\"type\":\"boolean\",\"nullable\":true,\"metadata\":{}},{\"name\":\"banned_supplier\",\"type\":\"boolean\",\"nullable\":true,\"metadata\":{}},{\"name\":\"warehouse_alert\",\"type\":\"string\",\"nullable\":true,\"metadata\":{}},{\"name\":\"price_currency\",\"type\":\"string\",\"nullable\":true,\"metadata\":{}},{\"name\":\"price_amount\",\"type\":\"integer\",\"nullable\":true,\"metadata\":{}}]}","partitionColumns":[],"configuration":{},"createdTime":1583332160240}}
{"add":{"path":"part-00000-5110efaf-a2b7-41fe-a1c0-63f8e90ba478-c000.snappy.parquet","partitionValues":{},"size":186869,"modificationTime":1583332162000,"dataChange":true,"stats":"{\"numRecords\":3828,\"minValues\":{\"EAN13\":2198122549848,\"EAN5\":54984,\"PO\":934211515,\"datetime\":1564619448,\"product_name\":\"128GB iPod touch (Gold) (6th Gen\",\"product_unit\":\"pcs\",\"purchaser\":\"ASSAF,  MAJED\",\"quantity\":5,\"supplier\":\"Ankyo\",\"password_hash\":\"00026c5ecdb0e6533c5f915d53e6f4bd\",\"warehouse_alert\":\"green\",\"price_currency\":\"EUR\",\"price_amount\":5},\"maxValues\":{\"EAN13\":2198122550813,\"EAN5\":55081,\"PO\":934215514,\"datetime\":1572392614,\"product_name\":\"Zamaha RX-V479BL 5.1-Channel AV �\",\"product_unit\":\"pcs\",\"purchaser\":\"WILKINS,  SHANE E\",\"quantity\":50,\"supplier\":\"Zamaha\",\"password_hash\":\"fff1163d7d2b686a00cf87bc3c269a5d�\",\"warehouse_alert\":\"red\",\"price_currency\":\"YEN\",\"price_amount\":59},\"nullCount\":{\"EAN13\":0,\"EAN5\":0,\"PO\":0,\"datetime\":0,\"product_name\":0,\"product_unit\":0,\"purchaser\":0,\"quantity\":0,\"supplier\":0,\"password_hash\":0,\"missing_price\":0,\"banned_supplier\":0,\"warehouse_alert\":0,\"price_currency\":0,\"price_amount\":0}}"}}
