{"commitInfo":{"timestamp":1583156714299,"userId":"6600767698299544","userName":"mike.petridisz@datapao.com","operation":"WRITE","operationParameters":{"mode":"Overwrite","partitionBy":"[]"},"notebook":{"notebookId":"368894069223723"},"clusterId":"1127-103033-hexed526","isolationLevel":"WriteSerializable","isBlindAppend":false}}
{"protocol":{"minReaderVersion":1,"minWriterVersion":2}}
{"metaData":{"id":"c45a6c8f-4460-41b2-a8b4-174bc1e2b18c","format":{"provider":"parquet","options":{}},"schemaString":"{\"type\":\"struct\",\"fields\":[{\"name\":\"promo_customer\",\"type\":\"string\",\"nullable\":true,\"metadata\":{}},{\"name\":\"promo_item\",\"type\":\"string\",\"nullable\":true,\"metadata\":{}},{\"name\":\"promo_disc\",\"type\":\"double\",\"nullable\":true,\"metadata\":{}},{\"name\":\"promo_id\",\"type\":\"long\",\"nullable\":true,\"metadata\":{}},{\"name\":\"promo_qty\",\"type\":\"long\",\"nullable\":true,\"metadata\":{}},{\"name\":\"cumsum\",\"type\":\"long\",\"nullable\":true,\"metadata\":{}},{\"name\":\"promo_began\",\"type\":\"string\",\"nullable\":true,\"metadata\":{}},{\"name\":\"units_required\",\"type\":\"long\",\"nullable\":true,\"metadata\":{}},{\"name\":\"eligible\",\"type\":\"long\",\"nullable\":true,\"metadata\":{}},{\"name\":\"deadline\",\"type\":\"string\",\"nullable\":true,\"metadata\":{}},{\"name\":\"datetime\",\"type\":\"timestamp\",\"nullable\":true,\"metadata\":{}},{\"name\":\"month\",\"type\":\"integer\",\"nullable\":true,\"metadata\":{}},{\"name\":\"dow\",\"type\":\"integer\",\"nullable\":true,\"metadata\":{}},{\"name\":\"sales_price\",\"type\":\"double\",\"nullable\":true,\"metadata\":{}},{\"name\":\"discounted_price\",\"type\":\"double\",\"nullable\":true,\"metadata\":{}}]}","partitionColumns":[],"configuration":{},"createdTime":1583156712026}}
{"add":{"path":"part-00000-5fa6c8e3-9eee-428f-ab1b-12d15b445985-c000.snappy.parquet","partitionValues":{},"size":9170,"modificationTime":1583156713000,"dataChange":true,"stats":"{\"numRecords\":159,\"minValues\":{\"promo_customer\":\"10075265\",\"promo_item\":\"AVpfMVD-ilAPnD_xW6bu\",\"promo_disc\":0.03,\"promo_id\":0,\"promo_qty\":1,\"cumsum\":4,\"promo_began\":\"1564639538\",\"units_required\":3,\"eligible\":1,\"deadline\":\"2019-10-01 01:00:00\",\"datetime\":\"2019-08-01T06:05:38.000Z\",\"month\":8,\"dow\":1,\"sales_price\":17.933999999999994,\"discounted_price\":17.395979999999994},\"maxValues\":{\"promo_customer\":\"9929915\",\"promo_item\":\"AVqVGUFCv8e3D1O-ldFF\",\"promo_disc\":0.07,\"promo_id\":2,\"promo_qty\":11,\"cumsum\":30,\"promo_began\":\"1573652215\",\"units_required\":5,\"eligible\":1,\"deadline\":\"2019-10-01 01:00:00\",\"datetime\":\"2019-11-13T13:36:55.000Z\",\"month\":11,\"dow\":7,\"sales_price\":3937.802307692309,\"discounted_price\":3740.9121923076937},\"nullCount\":{\"promo_customer\":0,\"promo_item\":0,\"promo_disc\":0,\"promo_id\":0,\"promo_qty\":0,\"cumsum\":0,\"promo_began\":0,\"units_required\":0,\"eligible\":0,\"deadline\":149,\"datetime\":0,\"month\":0,\"dow\":0,\"sales_price\":0,\"discounted_price\":0}}"}}
