{"commitInfo":{"timestamp":1582799961913,"userId":"6600767698299544","userName":"mike.petridisz@datapao.com","operation":"WRITE","operationParameters":{"mode":"Overwrite","partitionBy":"[]"},"notebook":{"notebookId":"3634660189687826"},"clusterId":"1127-103033-hexed526","isolationLevel":"WriteSerializable","isBlindAppend":false}}
{"protocol":{"minReaderVersion":1,"minWriterVersion":2}}
{"metaData":{"id":"d461370e-0045-4c8a-a248-e121b056042e","format":{"provider":"parquet","options":{}},"schemaString":"{\"type\":\"struct\",\"fields\":[{\"name\":\"product_id\",\"type\":\"string\",\"nullable\":true,\"metadata\":{}},{\"name\":\"product_category\",\"type\":\"string\",\"nullable\":true,\"metadata\":{}},{\"name\":\"product_name\",\"type\":\"string\",\"nullable\":true,\"metadata\":{}},{\"name\":\"sales_price\",\"type\":\"double\",\"nullable\":true,\"metadata\":{}},{\"name\":\"EAN13\",\"type\":\"long\",\"nullable\":true,\"metadata\":{}},{\"name\":\"EAN5\",\"type\":\"integer\",\"nullable\":true,\"metadata\":{}},{\"name\":\"product_unit\",\"type\":\"string\",\"nullable\":true,\"metadata\":{}},{\"name\":\"product_quantity\",\"type\":\"integer\",\"nullable\":true,\"metadata\":{}}]}","partitionColumns":[],"configuration":{},"createdTime":1582799960018}}
{"add":{"path":"part-00000-b873b452-1219-45b7-9806-33d71b0bdb91-c000.snappy.parquet","partitionValues":{},"size":10115,"modificationTime":1582799961000,"dataChange":true,"stats":"{\"numRecords\":98,\"minValues\":{\"product_id\":\"AV1YFjNZglJLPUi8IGc8\",\"product_category\":\"Ankyo\",\"product_name\":\"\\\"Elpine - 5 x 7\\\"\\\" 2-Way Coaxial \",\"sales_price\":17.933999999999994,\"EAN13\":2198122549848,\"EAN5\":54984,\"product_unit\":\"pcs\",\"product_quantity\":0},\"maxValues\":{\"product_id\":\"AVzxl9XGvKc47QAVfStn\",\"product_category\":\"Zamaha\",\"product_name\":\"h.ear go Wireless Speaker (Virid�\",\"sales_price\":3937.802307692309,\"EAN13\":2198122550813,\"EAN5\":55081,\"product_unit\":\"pcs\",\"product_quantity\":4988},\"nullCount\":{\"product_id\":0,\"product_category\":0,\"product_name\":0,\"sales_price\":0,\"EAN13\":0,\"EAN5\":0,\"product_unit\":0,\"product_quantity\":0}}"}}
