{"commitInfo":{"timestamp":1582800206582,"userId":"6600767698299544","userName":"mike.petridisz@datapao.com","operation":"WRITE","operationParameters":{"mode":"Overwrite","partitionBy":"[]"},"notebook":{"notebookId":"3634660189687743"},"clusterId":"1127-103033-hexed526","readVersion":2,"isolationLevel":"WriteSerializable","isBlindAppend":false}}
{"add":{"path":"part-00000-d5bb465a-0823-489f-b707-b10c9ec0b40d-c000.snappy.parquet","partitionValues":{},"size":10115,"modificationTime":1582800203000,"dataChange":true,"stats":"{\"numRecords\":98,\"minValues\":{\"product_id\":\"AV1YFjNZglJLPUi8IGc8\",\"product_category\":\"Ankyo\",\"product_name\":\"\\\"Elpine - 5 x 7\\\"\\\" 2-Way Coaxial \",\"sales_price\":17.933999999999994,\"EAN13\":2198122549848,\"EAN5\":54984,\"product_unit\":\"pcs\",\"product_quantity\":0},\"maxValues\":{\"product_id\":\"AVzxl9XGvKc47QAVfStn\",\"product_category\":\"Zamaha\",\"product_name\":\"h.ear go Wireless Speaker (Virid�\",\"sales_price\":3937.802307692309,\"EAN13\":2198122550813,\"EAN5\":55081,\"product_unit\":\"pcs\",\"product_quantity\":4988},\"nullCount\":{\"product_id\":0,\"product_category\":0,\"product_name\":0,\"sales_price\":0,\"EAN13\":0,\"EAN5\":0,\"product_unit\":0,\"product_quantity\":0}}"}}
{"remove":{"path":"part-00000-77826561-f91b-4ecf-87f1-ea8698344641-c000.snappy.parquet","deletionTimestamp":1582800206581,"dataChange":true}}
