{"commitInfo":{"timestamp":1583159863623,"userId":"6600767698299544","userName":"mike.petridisz@datapao.com","operation":"WRITE","operationParameters":{"mode":"Overwrite","partitionBy":"[]"},"notebook":{"notebookId":"368894069223216"},"clusterId":"1127-103033-hexed526","isolationLevel":"WriteSerializable","isBlindAppend":false}}
{"protocol":{"minReaderVersion":1,"minWriterVersion":2}}
{"metaData":{"id":"e0523c4b-cf16-4da2-8a2b-5dc39bb51851","format":{"provider":"parquet","options":{}},"schemaString":"{\"type\":\"struct\",\"fields\":[{\"name\":\"customer_id\",\"type\":\"string\",\"nullable\":true,\"metadata\":{}},{\"name\":\"customer_name\",\"type\":\"string\",\"nullable\":true,\"metadata\":{}},{\"name\":\"product_name\",\"type\":\"string\",\"nullable\":true,\"metadata\":{}},{\"name\":\"order_date\",\"type\":\"date\",\"nullable\":true,\"metadata\":{}},{\"name\":\"product_category\",\"type\":\"string\",\"nullable\":true,\"metadata\":{}},{\"name\":\"product\",\"type\":{\"type\":\"struct\",\"fields\":[{\"name\":\"curr\",\"type\":\"string\",\"nullable\":true,\"metadata\":{}},{\"name\":\"id\",\"type\":\"string\",\"nullable\":true,\"metadata\":{}},{\"name\":\"name\",\"type\":\"string\",\"nullable\":true,\"metadata\":{}},{\"name\":\"price\",\"type\":\"long\",\"nullable\":true,\"metadata\":{}},{\"name\":\"qty\",\"type\":\"long\",\"nullable\":true,\"metadata\":{}},{\"name\":\"unit\",\"type\":\"string\",\"nullable\":true,\"metadata\":{}}]},\"nullable\":true,\"metadata\":{}},{\"name\":\"total_price\",\"type\":\"long\",\"nullable\":true,\"metadata\":{}}]}","partitionColumns":[],"configuration":{},"createdTime":1583159861383}}
{"add":{"path":"part-00000-0defb1b8-fa7f-4fdb-a3ae-2c89ee9bb1bb-c000.snappy.parquet","partitionValues":{},"size":14305,"modificationTime":1583159863000,"dataChange":true,"stats":"{\"numRecords\":360,\"minValues\":{\"customer_id\":\"12096776\",\"customer_name\":\"CATALANO,  MARK A\",\"product_name\":\"128GB iPod touch (Gold) (6th Gen\",\"order_date\":\"2019-08-02\",\"product_category\":\"Opple\",\"product\":{\"curr\":\"USD\",\"id\":\"AV1YFjNZglJLPUi8IGc8\",\"name\":\"128GB iPod touch (Gold) (6th Gen\",\"price\":18,\"qty\":1,\"unit\":\"pcs\"},\"total_price\":18},\"maxValues\":{\"customer_id\":\"9115946\",\"customer_name\":\"recommended cargo logistics\",\"product_name\":\"h.ear go Wireless Speaker (Virid�\",\"order_date\":\"2020-02-28\",\"product_category\":\"Zamaha\",\"product\":{\"curr\":\"USD\",\"id\":\"AVzxl9XGvKc47QAVfStn\",\"name\":\"h.ear go Wireless Speaker (Virid�\",\"price\":11223,\"qty\":58,\"unit\":\"pcs\"},\"total_price\":103037},\"nullCount\":{\"customer_id\":0,\"customer_name\":0,\"product_name\":0,\"order_date\":0,\"product_category\":0,\"product\":{\"curr\":0,\"id\":0,\"name\":0,\"price\":0,\"qty\":0,\"unit\":0},\"total_price\":0}}"}}
