{"commitInfo":{"timestamp":1583224658394,"userId":"8547104844435552","userName":"cagdas.yetkin@datapao.com","operation":"WRITE","operationParameters":{"mode":"Overwrite","partitionBy":"[]"},"notebook":{"notebookId":"3938865117061947"},"clusterId":"1127-103033-hexed526","isolationLevel":"WriteSerializable","isBlindAppend":false}}
{"protocol":{"minReaderVersion":1,"minWriterVersion":2}}
{"metaData":{"id":"c6c7d61a-5898-4d9b-8d83-e56a6a540617","format":{"provider":"parquet","options":{}},"schemaString":"{\"type\":\"struct\",\"fields\":[{\"name\":\"promo_customer\",\"type\":\"string\",\"nullable\":true,\"metadata\":{}},{\"name\":\"promo_item\",\"type\":\"string\",\"nullable\":true,\"metadata\":{}},{\"name\":\"promo_disc\",\"type\":\"double\",\"nullable\":true,\"metadata\":{}},{\"name\":\"promo_id\",\"type\":\"long\",\"nullable\":true,\"metadata\":{}},{\"name\":\"promo_datetime\",\"type\":\"string\",\"nullable\":true,\"metadata\":{}},{\"name\":\"promo_qty\",\"type\":\"long\",\"nullable\":true,\"metadata\":{}},{\"name\":\"cumsum\",\"type\":\"long\",\"nullable\":true,\"metadata\":{}},{\"name\":\"promo_began\",\"type\":\"string\",\"nullable\":true,\"metadata\":{}},{\"name\":\"units_required\",\"type\":\"long\",\"nullable\":true,\"metadata\":{}},{\"name\":\"eligible\",\"type\":\"long\",\"nullable\":true,\"metadata\":{}},{\"name\":\"deadline\",\"type\":\"string\",\"nullable\":true,\"metadata\":{}}]}","partitionColumns":[],"configuration":{},"createdTime":1583224656132}}
{"add":{"path":"part-00000-66841a9d-7450-4b16-909b-094f28f245eb-c000.snappy.parquet","partitionValues":{},"size":14903,"modificationTime":1583224657000,"dataChange":true,"stats":"{\"numRecords\":461,\"minValues\":{\"promo_customer\":\"10075265\",\"promo_item\":\"AVpfMVD-ilAPnD_xW6bu\",\"promo_disc\":0.03,\"promo_id\":0,\"promo_datetime\":\"\",\"promo_qty\":1,\"cumsum\":1,\"promo_began\":\"\",\"units_required\":3,\"eligible\":0,\"deadline\":\"2019-10-01 01:00:00\"},\"maxValues\":{\"promo_customer\":\"9929915\",\"promo_item\":\"AVqVGUFCv8e3D1O-ldFF\",\"promo_disc\":0.07,\"promo_id\":2,\"promo_datetime\":\"1573767770\",\"promo_qty\":11,\"cumsum\":30,\"promo_began\":\"1573767770\",\"units_required\":5,\"eligible\":1,\"deadline\":\"2019-10-01 01:00:00\"},\"nullCount\":{\"promo_customer\":0,\"promo_item\":0,\"promo_disc\":0,\"promo_id\":0,\"promo_datetime\":0,\"promo_qty\":0,\"cumsum\":0,\"promo_began\":0,\"units_required\":0,\"eligible\":0,\"deadline\":426}}"}}
