{"commitInfo":{"timestamp":1582807674155,"userId":"6600767698299544","userName":"mike.petridisz@datapao.com","operation":"WRITE","operationParameters":{"mode":"Overwrite","partitionBy":"[]"},"notebook":{"notebookId":"3634660189822264"},"clusterId":"1127-103033-hexed526","isolationLevel":"WriteSerializable","isBlindAppend":false}}
{"protocol":{"minReaderVersion":1,"minWriterVersion":2}}
{"metaData":{"id":"d312f817-b455-4fee-98d9-98a0c12b7a86","format":{"provider":"parquet","options":{}},"schemaString":"{\"type\":\"struct\",\"fields\":[{\"name\":\"EAN13\",\"type\":\"long\",\"nullable\":true,\"metadata\":{}},{\"name\":\"EAN5\",\"type\":\"long\",\"nullable\":true,\"metadata\":{}},{\"name\":\"PO\",\"type\":\"long\",\"nullable\":true,\"metadata\":{}},{\"name\":\"brand\",\"type\":\"string\",\"nullable\":true,\"metadata\":{}},{\"name\":\"datetime\",\"type\":\"long\",\"nullable\":true,\"metadata\":{}},{\"name\":\"price\",\"type\":\"string\",\"nullable\":true,\"metadata\":{}},{\"name\":\"product_name\",\"type\":\"string\",\"nullable\":true,\"metadata\":{}},{\"name\":\"product_unit\",\"type\":\"string\",\"nullable\":true,\"metadata\":{}},{\"name\":\"purchaser\",\"type\":\"string\",\"nullable\":true,\"metadata\":{}},{\"name\":\"quantity\",\"type\":\"long\",\"nullable\":true,\"metadata\":{}},{\"name\":\"supplier\",\"type\":\"string\",\"nullable\":true,\"metadata\":{}},{\"name\":\"password_hash\",\"type\":\"string\",\"nullable\":true,\"metadata\":{}},{\"name\":\"missing_price\",\"type\":\"boolean\",\"nullable\":true,\"metadata\":{}},{\"name\":\"banned_supplier\",\"type\":\"boolean\",\"nullable\":true,\"metadata\":{}},{\"name\":\"warehouse_alert\",\"type\":\"string\",\"nullable\":true,\"metadata\":{}}]}","partitionColumns":[],"configuration":{},"createdTime":1582807671329}}
{"add":{"path":"part-00000-7502d2de-29a5-4960-b7c9-ac26fcfa20e8-c000.snappy.parquet","partitionValues":{},"size":198413,"modificationTime":1582807673000,"dataChange":true,"stats":"{\"numRecords\":3994,\"minValues\":{\"EAN13\":2198122549848,\"EAN5\":54984,\"PO\":900083565,\"brand\":\"Ankyo\",\"datetime\":1564619492,\"price\":\"$ 10\",\"product_name\":\"128GB iPod touch (Gold) (6th Gen\",\"product_unit\":\"pcs\",\"purchaser\":\"AGUILAR,  LUIS\",\"quantity\":5,\"supplier\":\"Ankyo\",\"password_hash\":\"0013e1fd0c64996170302af54fe9a9d1\",\"warehouse_alert\":\"green\"},\"maxValues\":{\"EAN13\":2198122550813,\"EAN5\":55081,\"PO\":900087564,\"brand\":\"Zamaha\",\"datetime\":1572393446,\"price\":\"YEN 59\",\"product_name\":\"h.ear go Wireless Speaker (Virid�\",\"product_unit\":\"pcs\",\"purchaser\":\"ZIEGLER,  WILLIAM F\",\"quantity\":45,\"supplier\":\"Zamaha\",\"password_hash\":\"ffde9b1b5e050fb9e4d1ecaa01ac38c4�\",\"warehouse_alert\":\"red\"},\"nullCount\":{\"EAN13\":0,\"EAN5\":0,\"PO\":0,\"brand\":0,\"datetime\":0,\"price\":0,\"product_name\":0,\"product_unit\":0,\"purchaser\":0,\"quantity\":0,\"supplier\":0,\"password_hash\":0,\"missing_price\":0,\"banned_supplier\":0,\"warehouse_alert\":0}}"}}
