{"commitInfo":{"timestamp":1583794213796,"userId":"8547104844435552","userName":"cagdas.yetkin@datapao.com","operation":"WRITE","operationParameters":{"mode":"Overwrite","partitionBy":"[]"},"notebook":{"notebookId":"3938865117061893"},"clusterId":"1127-103033-hexed526","isolationLevel":"WriteSerializable","isBlindAppend":false}}
{"protocol":{"minReaderVersion":1,"minWriterVersion":2}}
{"metaData":{"id":"68b0057c-5e26-4423-99cf-437c89fac591","format":{"provider":"parquet","options":{}},"schemaString":"{\"type\":\"struct\",\"fields\":[{\"name\":\"clicked_items\",\"type\":{\"type\":\"array\",\"elementType\":{\"type\":\"array\",\"elementType\":\"string\",\"containsNull\":true},\"containsNull\":true},\"nullable\":true,\"metadata\":{}},{\"name\":\"customer_id\",\"type\":\"string\",\"nullable\":true,\"metadata\":{}},{\"name\":\"customer_name\",\"type\":\"string\",\"nullable\":true,\"metadata\":{}},{\"name\":\"number_of_line_items\",\"type\":\"string\",\"nullable\":true,\"metadata\":{}},{\"name\":\"order_datetime\",\"type\":\"string\",\"nullable\":true,\"metadata\":{}},{\"name\":\"order_number\",\"type\":\"long\",\"nullable\":true,\"metadata\":{}},{\"name\":\"ordered_products\",\"type\":{\"type\":\"array\",\"elementType\":{\"type\":\"struct\",\"fields\":[{\"name\":\"curr\",\"type\":\"string\",\"nullable\":true,\"metadata\":{}},{\"name\":\"id\",\"type\":\"string\",\"nullable\":true,\"metadata\":{}},{\"name\":\"name\",\"type\":\"string\",\"nullable\":true,\"metadata\":{}},{\"name\":\"price\",\"type\":\"long\",\"nullable\":true,\"metadata\":{}},{\"name\":\"promotion_info\",\"type\":{\"type\":\"struct\",\"fields\":[{\"name\":\"promo_disc\",\"type\":\"double\",\"nullable\":true,\"metadata\":{}},{\"name\":\"promo_id\",\"type\":\"long\",\"nullable\":true,\"metadata\":{}},{\"name\":\"promo_item\",\"type\":\"string\",\"nullable\":true,\"metadata\":{}},{\"name\":\"promo_qty\",\"type\":\"long\",\"nullable\":true,\"metadata\":{}}]},\"nullable\":true,\"metadata\":{}},{\"name\":\"qty\",\"type\":\"long\",\"nullable\":true,\"metadata\":{}},{\"name\":\"unit\",\"type\":\"string\",\"nullable\":true,\"metadata\":{}}]},\"containsNull\":true},\"nullable\":true,\"metadata\":{}},{\"name\":\"promo_info\",\"type\":{\"type\":\"array\",\"elementType\":{\"type\":\"struct\",\"fields\":[{\"name\":\"promo_disc\",\"type\":\"double\",\"nullable\":true,\"metadata\":{}},{\"name\":\"promo_id\",\"type\":\"long\",\"nullable\":true,\"metadata\":{}},{\"name\":\"promo_item\",\"type\":\"string\",\"nullable\":true,\"metadata\":{}},{\"name\":\"promo_qty\",\"type\":\"long\",\"nullable\":true,\"metadata\":{}}]},\"containsNull\":true},\"nullable\":true,\"metadata\":{}}]}","partitionColumns":[],"configuration":{},"createdTime":1583794211254}}
{"add":{"path":"part-00000-814353fb-139e-4395-a8e4-58654bf8e591-c000.snappy.parquet","partitionValues":{},"size":198458,"modificationTime":1583794213000,"dataChange":true,"stats":"{\"numRecords\":4074,\"minValues\":{\"customer_id\":\"10036443\",\"customer_name\":\"2mfinancial\",\"number_of_line_items\":\"1\",\"order_datetime\":\"\",\"order_number\":317568014},\"maxValues\":{\"customer_id\":\"9980296\",\"customer_name\":\"zranga llc\",\"number_of_line_items\":\"4\",\"order_datetime\":\"1573775417\",\"order_number\":317572013},\"nullCount\":{\"clicked_items\":0,\"customer_id\":0,\"customer_name\":0,\"number_of_line_items\":0,\"order_datetime\":0,\"order_number\":0,\"ordered_products\":0,\"promo_info\":0}}"}}
