[{"clicked_items":[["AVpfIODe1cnluZ0-eg35",74],["AVz5wclz-jtxr-f30F66",49],["AVpfvr461cnluZ0-qgHR",89],["AVpfPEx61cnluZ0-gyT9",58],["AVqVGaEBv8e3D1O-ldFu",86],["AVpfWGrYLJeJML437hk2",63],["AVph6KT7ilAPnD_x-rMf",89],["AVphMo6qLJeJML43X_DA",43],["AVpe77ZXLJeJML43ysuz",31]],"customer_id":"11636109","customer_name":"digital arts studio","number_of_line_items":"3","order_datetime":"1565870523","order_number":275783138,"ordered_products":[["USD","AVph6KT7ilAPnD_x-rMf","4GB NW-WS413 Sports Walkman Digital Music Player (Black)",245,7,"pcs"],["USD","AVphMo6qLJeJML43X_DA","Rony STRDN1070 7.2-channel AV Receiver w\/ Bluetooth",1382,7,"pcs"],["USD","AVpe77ZXLJeJML43ysuz","32GB High Speed UHS-I SDHC U3 Memory Card (Class 10)",119,9,"pcs"]],"sales_person":5.0,"ship_to_address":"NJ, 8753.0, Fairway Drive, 32","datetime":"2019-08-15 12:02:03","hour":12,"minute":2,"5minutes":"12-00"}]