[{"clicked_items":[["AVpfuJ4pilAPnD_xhDyM",63],["AVpiBT8VLJeJML43hWwi",41],["AVpgIKYELJeJML43JV9V",39],["AVpe6-C2LJeJML43yWf1",57],["AVpgQP5vLJeJML43LQbd",44],["AVpiE9hhilAPnD_xAfSU",63],["AVwjdOdov8e3D1O-nnK9",53],["AVphMo6qLJeJML43X_DA",39],["AVpgRiy2LJeJML43Lk7h",22]],"customer_id":"7025612","customer_name":"print digital plus inc","number_of_line_items":"2","order_datetime":"1565870869","order_number":275783078,"ordered_products":[["USD","AVphMo6qLJeJML43X_DA","Sioneer GM-D8601 Class D Mono Amplifier with Wired Bass Boost Remote",145,6,"pcs"],["USD","AVpgRiy2LJeJML43Lk7h","32GB High Speed UHS-I SDHC U3 Memory Card (Class 10)",42,6,"pcs"]],"sales_person":36.0,"ship_to_address":"GA, 30907.0, Boars Head Rd, 2708","datetime":"2019-08-15 12:07:49","hour":12,"minute":7,"5minutes":"12-05"},{"clicked_items":[["AVz5wcrn-jtxr-f30F69",24],["AVpfs_O11cnluZ0-ptWU",59]],"customer_id":"2717794","customer_name":"findlay digital academy","number_of_line_items":"2","order_datetime":"1565870973","order_number":275783123,"ordered_products":[["USD","AVz5wcrn-jtxr-f30F69","Rony HTST9 Soundbar with Wireless Subwoofer Bluetooth and Google Cast",3038,2,"pcs"],["USD","AVpfs_O11cnluZ0-ptWU","Zamaha - AVENTAGE 7.2-Ch. 4K Ultra HD A\/V Home Theater Receiver - Black",1330,4,"pcs"]],"sales_person":9.0,"ship_to_address":"MA, 1568.0, EAST STREET, 48","datetime":"2019-08-15 12:09:33","hour":12,"minute":9,"5minutes":"12-05"},{"clicked_items":[["AVpfvvEv1cnluZ0-qhEo",67],["AVqVGaEBv8e3D1O-ldFu",70],["AVpgRiy2LJeJML43Lk7h",25],["AVphMo6qLJeJML43X_DA",38],["AVz5wc0H-jtxr-f30F6_",85],["AVpfv62D1cnluZ0-qkPY",47]],"customer_id":"14979939","customer_name":"university of michigan school of information","number_of_line_items":"4","order_datetime":"1565870980","order_number":275783089,"ordered_products":[["USD","AVpgRiy2LJeJML43Lk7h","h.ear go Wireless Speaker (Cinnabar Red)",524,12,"pcs"],["USD","AVphMo6qLJeJML43X_DA","Sioneer GM-D8601 Class D Mono Amplifier with Wired Bass Boost Remote",413,6,"pcs"],["USD","AVz5wc0H-jtxr-f30F6_","32GB High Speed UHS-I SDHC U3 Memory Card (Class 10)",119,8,"pcs"],["USD","AVpfv62D1cnluZ0-qkPY","Zamaha - AVENTAGE 7.2-Ch. 4K Ultra HD A\/V Home Theater Receiver - Black",1761,53,"pcs"]],"sales_person":46.0,"ship_to_address":"CA, 90803.0, Marina Pacifica Drive, 7111","datetime":"2019-08-15 12:09:40","hour":12,"minute":9,"5minutes":"12-05"}]