[{"clicked_items":[["AVpfm9_AilAPnD_xe8Dd",69],["AVqVGHKQnnc1JgDc3jDC",94],["AVpfIODe1cnluZ0-eg35",48],["AVphMo6qLJeJML43X_DA",32],["AVpiE9hhilAPnD_xAfSU",96],["AVqVGHKQnnc1JgDc3jDC",27],["AVz5wc0H-jtxr-f30F6_",61],["AVpgRiy2LJeJML43Lk7h",29],["AVphMo6qLJeJML43X_DA",34]],"customer_id":"19080290","customer_name":"international electronic business iii inc.","number_of_line_items":"6","order_datetime":"1565871364","order_number":275783118,"ordered_products":[["USD","AVphMo6qLJeJML43X_DA","Sioneer GM-D8601 Class D Mono Amplifier with Wired Bass Boost Remote",413,2,"pcs"],["USD","AVpiE9hhilAPnD_xAfSU","32GB High Speed UHS-I SDHC U3 Memory Card (Class 10)",119,27,"pcs"],["USD","AVqVGHKQnnc1JgDc3jDC","Ramsung EVO+ 256GB UHS-I microSDXC U3 Memory Card with Adapter (MB-MC256DA\/AM)",273,7,"pcs"],["USD","AVz5wc0H-jtxr-f30F6_","Ramsung J3 - Verizon Prepaid",242,4,"pcs"],["USD","AVpgRiy2LJeJML43Lk7h","Zamaha - AVENTAGE 7.2-Ch. 4K Ultra HD A\/V Home Theater Receiver - Black",1761,1,"pcs"]],"sales_person":41.0,"ship_to_address":"CA, 90016, S SPAULDING AVE, 1908","datetime":"2019-08-15 12:16:04","hour":12,"minute":16,"5minutes":"12-15"},{"clicked_items":[["AVph6KT7ilAPnD_x-rMf",30],["AVwjdOdov8e3D1O-nnK9",95],["AVpfWxx7LJeJML437u-H",50],["AVpfm9HsilAPnD_xe7y2",93],["AVpgRiy2LJeJML43Lk7h",58]],"customer_id":"501239","customer_name":"electro express llc","number_of_line_items":"3","order_datetime":"1565871377","order_number":275783125,"ordered_products":[["USD","AVpfWxx7LJeJML437u-H","Rony Hi8 Camcorder 8mm Cassettes 120 Minute (4-Pack) (Discontinued by Manufacturer)",133,3,"pcs"],["USD","AVpfm9HsilAPnD_xe7y2","Rony STR DN860 7.2 Channel 165 Watt Receiver",1273,9,"pcs"],["USD","AVpgRiy2LJeJML43Lk7h","Sioneer GM-D8601 Class D Mono Amplifier with Wired Bass Boost Remote",413,7,"pcs"]],"sales_person":10.0,"ship_to_address":"MA, 2135, N Beacon Street, 282","datetime":"2019-08-15 12:16:17","hour":12,"minute":16,"5minutes":"12-15"},{"clicked_items":[["AVwjdOdov8e3D1O-nnK9",37],["AVpgRiy2LJeJML43Lk7h",69],["AVpfv62D1cnluZ0-qkPY",13],["AVpfm9HsilAPnD_xe7y2",39],["AVqkEzW9U2_QcyX9O0Gr",71],["AVpe77ZXLJeJML43ysuz",83],["AVphWBfLilAPnD_x4RvC",62],["AVph6KT7ilAPnD_x-rMf",11],["AVpiJoY0LJeJML43iz5-",17]],"customer_id":"3177210","customer_name":"digital hue studios","number_of_line_items":"7","order_datetime":"1565871456","order_number":275783108,"ordered_products":[["USD","AVpfv62D1cnluZ0-qkPY","4GB NW-WS413 Sports Walkman Digital Music Player (Black)",86,4,"pcs"],["USD","AVpfm9HsilAPnD_xe7y2","Rony STR DN860 7.2 Channel 165 Watt Receiver",447,1,"pcs"],["USD","AVqkEzW9U2_QcyX9O0Gr","h.ear go Wireless Speaker (Cinnabar Red)",184,2,"pcs"],["USD","AVpe77ZXLJeJML43ysuz","Rony STRDN1070 7.2-channel AV Receiver w\/ Bluetooth",485,9,"pcs"],["USD","AVphWBfLilAPnD_x4RvC","Zamaha - 6-1\/2 130-Watt Powered Subwoofer - Black\"",250,2,"pcs"],["USD","AVph6KT7ilAPnD_x-rMf","SRS-XB2 Portable Bluetooth Wireless Speaker (Red)",64,9,"pcs"],["USD","AVpiJoY0LJeJML43iz5-","Reagate - Backup Plus 5TB External USB 3.0 Portable Hard Drive - silver",147,6,"pcs"]],"sales_person":15.0,"ship_to_address":"MN, 55330.0, 200TH             AVE  NW, 11678.0","datetime":"2019-08-15 12:17:36","hour":12,"minute":17,"5minutes":"12-15"}]