[{"clicked_items":[["AVzxl9XGvKc47QAVfStn",33],["AVpfjP9uilAPnD_xdy6-",59],["AVphWBfLilAPnD_x4RvC",40],["AVpfvvEv1cnluZ0-qhEo",98],["AVpfv62D1cnluZ0-qkPY",33],["AVqVGHKQnnc1JgDc3jDC",15],["AVpfAXof1cnluZ0-bz3u",64],["AVphMo6qLJeJML43X_DA",44],["AVpe77ZXLJeJML43ysuz",72],["AVpgRiy2LJeJML43Lk7h",66]],"customer_id":"34069054","customer_name":"missing link electronics","number_of_line_items":"6","order_datetime":"1565871139","order_number":275783042,"ordered_products":[["USD","AVpfv62D1cnluZ0-qkPY","4GB NW-WS413 Sports Walkman Digital Music Player (Black)",245,6,"pcs"],["USD","AVqVGHKQnnc1JgDc3jDC","Ramsung - 960 Pro 1TB Internal PCI Express 3.0 x4 (NVMe 1.1) Solid State Drive",1744,29,"pcs"],["USD","AVpfAXof1cnluZ0-bz3u","h.ear go Wireless Speaker (Cinnabar Red)",524,8,"pcs"],["USD","AVphMo6qLJeJML43X_DA","Sioneer GM-D8601 Class D Mono Amplifier with Wired Bass Boost Remote",413,3,"pcs"],["USD","AVpe77ZXLJeJML43ysuz","32GB High Speed UHS-I SDHC U3 Memory Card (Class 10)",119,28,"pcs"],["USD","AVpgRiy2LJeJML43Lk7h","Ramsung J3 - Verizon Prepaid",242,7,"pcs"]],"sales_person":41.0,"ship_to_address":"WA, 98056, KIRKLAND PL NE, 1907","datetime":"2019-08-15 12:12:19","hour":12,"minute":12,"5minutes":"12-10"},{"clicked_items":[["AVpfjP9uilAPnD_xdy6-",19],["AVpfZaCp1cnluZ0-kDV9",12],["AVpfIODe1cnluZ0-eg35",39],["AVqkEzW9U2_QcyX9O0Gr",20],["AVpf-2hGilAPnD_xlfDv",82],["AVpfjP9uilAPnD_xdy6-",74],["AV1YFjNZglJLPUi8IGc8",87],["AVpfSYlFLJeJML436UdP",17],["AVpjedgc1cnluZ0-W4NI",52],["AVph6KT7ilAPnD_x-rMf",84],["AVpfv62D1cnluZ0-qkPY",61],["AVz5wc0H-jtxr-f30F6_",14],["AVph6KT7ilAPnD_x-rMf",36],["AVpfv62D1cnluZ0-qkPY",25]],"customer_id":"10696440","customer_name":"vg electronics","number_of_line_items":"6","order_datetime":"1565871257","order_number":275783039,"ordered_products":[["USD","AVpjedgc1cnluZ0-W4NI","h.ear go Wireless Speaker (Cinnabar Red)",524,2,"pcs"],["USD","AVph6KT7ilAPnD_x-rMf","Rony STRDN1070 7.2-channel AV Receiver w\/ Bluetooth",1382,3,"pcs"],["USD","AVpfv62D1cnluZ0-qkPY","Rony MEXM100BT 160W RMS Marine CD Receiver with Bluetooth (Black) and SiriusXM Ready",684,1,"pcs"],["USD","AVz5wc0H-jtxr-f30F6_","Zamaha - AVENTAGE 7.2-Ch. 4K Ultra HD A\/V Home Theater Receiver - Black",1761,7,"pcs"]],"sales_person":4.0,"ship_to_address":"NJ, 7017.0, Lake Street, 36","datetime":"2019-08-15 12:14:17","hour":12,"minute":14,"5minutes":"12-10"}]