[{"clicked_items":[["AVpfIODe1cnluZ0-eg35",79],["AVpe77ZXLJeJML43ysuz",52],["AV1YFjNZglJLPUi8IGc8",86],["AVqVGUFCv8e3D1O-ldFF",25],["AVph6KT7ilAPnD_x-rMf",27],["AVpe48Es1cnluZ0-ZHZU",38],["AVpiE9hhilAPnD_xAfSU",54],["AVpfs_O11cnluZ0-ptWU",73],["AVpfm9_AilAPnD_xe8Dd",43],["AVzxl9XGvKc47QAVfStn",52],["AVpgRiy2LJeJML43Lk7h",74],["AVz5wc0H-jtxr-f30F6_",86],["AVpfs_O11cnluZ0-ptWU",69],["AVqVGaEBv8e3D1O-ldFu",19]],"customer_id":"9943112","customer_name":"janeiro digital","number_of_line_items":"7","order_datetime":"1565872027","order_number":275783128,"ordered_products":[["USD","AVpfs_O11cnluZ0-ptWU","YSP-4300 Digital Sound Projector Wireless Active Subwoofer (Black)",5130,6,"pcs"],["USD","AVpfm9_AilAPnD_xe8Dd","Rony HTST9 Soundbar with Wireless Subwoofer Bluetooth and Google Cast",3038,6,"pcs"],["USD","AVzxl9XGvKc47QAVfStn","Sioneer GM-D8601 Class D Mono Amplifier with Wired Bass Boost Remote",413,7,"pcs"],["USD","AVpgRiy2LJeJML43Lk7h","Opple NakBook Pro with Touch Bar - 13.3 - Core i5 - 8 GB RAM - 512 GB SSD - English\"",4648,10,"pcs"],["USD","AVz5wc0H-jtxr-f30F6_","Zamaha - AVENTAGE 7.2-Ch. 4K Ultra HD A\/V Home Theater Receiver - Black",1761,7,"pcs"],["USD","AVpfs_O11cnluZ0-ptWU","21.5 iNak with Retina 4K Display (Mid 2017)",4098,2,"pcs"]],"sales_person":44.0,"ship_to_address":"CA, 92373.0, SAN TIMOTEO CANYON RD, 13202","datetime":"2019-08-15 12:27:07","hour":12,"minute":27,"5minutes":"12-25"}]