[{"clicked_items":[["AVz5wc0H-jtxr-f30F6_",49],["AVpg-Wj61cnluZ0-8sZe",55],["AVpe77ZXLJeJML43ysuz",86],["AVphMo6qLJeJML43X_DA",91],["AVpfeG5oilAPnD_xcTsG",99]],"customer_id":"4011119","customer_name":"symmetry electronics, inc.","number_of_line_items":"3","order_datetime":"1565872553","order_number":275783067,"ordered_products":[["USD","AVpe77ZXLJeJML43ysuz","4GB NW-WS413 Sports Walkman Digital Music Player (Black)",86,2,"pcs"],["USD","AVphMo6qLJeJML43X_DA","Zamaha - 6-1\/2 2-Way In-Ceiling Speakers (Pair) - White\"",130,4,"pcs"],["USD","AVpfeG5oilAPnD_xcTsG","32GB High Speed UHS-I SDHC U3 Memory Card (Class 10)",42,12,"pcs"]],"sales_person":27.0,"ship_to_address":"VA, 23231, NEW MARKET RD, 1944","datetime":"2019-08-15 12:35:53","hour":12,"minute":35,"5minutes":"12-35"},{"clicked_items":[["AVz5wc0H-jtxr-f30F6_",49],["AVpg-Wj61cnluZ0-8sZe",55],["AVpe77ZXLJeJML43ysuz",86],["AVphMo6qLJeJML43X_DA",91],["AVpfeG5oilAPnD_xcTsG",99]],"customer_id":"4011119","customer_name":"symmetry electronics, inc.","number_of_line_items":"4","order_datetime":"1565872565","order_number":275783067,"ordered_products":[["USD","AVpe77ZXLJeJML43ysuz","4GB NW-WS413 Sports Walkman Digital Music Player (Black)",86,2,"pcs"],["USD","AVphMo6qLJeJML43X_DA","Zamaha - 6-1\/2 2-Way In-Ceiling Speakers (Pair) - White\"",130,4,"pcs"],["USD","AVpfeG5oilAPnD_xcTsG","32GB High Speed UHS-I SDHC U3 Memory Card (Class 10)",42,12,"pcs"],["USD","AVpf6QQIilAPnD_xkYtp","Sioneer - Andrew Jones Soundbar System with 6-1\/2 Wireless Subwoofer - Black\"",385,40,"pcs"]],"sales_person":27.0,"ship_to_address":"VA, 23231, NEW MARKET RD, 1944","datetime":"2019-08-15 12:36:05","hour":12,"minute":36,"5minutes":"12-35"}]