[{"clicked_items":[["AVpgIKYELJeJML43JV9V",16],["AVwjdOdov8e3D1O-nnK9",83],["AVpfv62D1cnluZ0-qkPY",88],["AVpgRiy2LJeJML43Lk7h",93],["AVpiJoY0LJeJML43iz5-",73],["AVz5wclz-jtxr-f30F66",47],["AVpe6-C2LJeJML43yWf1",54],["AVpfHcah1cnluZ0-eQLY",84],["AVpfeG5oilAPnD_xcTsG",24],["AVpiJoY0LJeJML43iz5-",51],["AVpfv62D1cnluZ0-qkPY",88],["AVpfeG5oilAPnD_xcTsG",12],["AVpfm9HsilAPnD_xe7y2",33],["AVpiE9hhilAPnD_xAfSU",96]],"customer_id":"19320434","customer_name":"digital vine marketing","number_of_line_items":"6","order_datetime":"1565872846","order_number":275783132,"ordered_products":[["USD","AVpfeG5oilAPnD_xcTsG","Zamaha - 6-1\/2 2-Way In-Ceiling Speakers (Pair) - White\"",370,51,"pcs"],["USD","AVpiJoY0LJeJML43iz5-","Rony STR DN860 7.2 Channel 165 Watt Receiver",1273,7,"pcs"],["USD","AVpfv62D1cnluZ0-qkPY","h.ear go Wireless Speaker (Cinnabar Red)",524,1,"pcs"],["USD","AVpfeG5oilAPnD_xcTsG","Ramsung EVO+ 256GB UHS-I microSDXC U3 Memory Card with Adapter (MB-MC256DA\/AM)",273,5,"pcs"],["USD","AVpfm9HsilAPnD_xe7y2","SRS-XB2 Portable Bluetooth Wireless Speaker (Red)",182,1,"pcs"]],"sales_person":16.0,"ship_to_address":"OH, 45238.0, LAURED PL, 5353.0","datetime":"2019-08-15 12:40:46","hour":12,"minute":40,"5minutes":"12-40"},{"clicked_items":[["AVphMo6qLJeJML43X_DA",56],["AVphMo6qLJeJML43X_DA",54]],"customer_id":"6438328","customer_name":"digital clues group","number_of_line_items":"2","order_datetime":"1565872969","order_number":275783047,"ordered_products":[["USD","AVphMo6qLJeJML43X_DA","32GB High Speed UHS-I SDHC U3 Memory Card (Class 10)",119,1,"pcs"]],"sales_person":50.0,"ship_to_address":"CO, 80033.0, West 32Nd Avenue, 12142","datetime":"2019-08-15 12:42:49","hour":12,"minute":42,"5minutes":"12-40"},{"clicked_items":[["AVpfSYlFLJeJML436UdP",78],["AVpfSYlFLJeJML436UdP",36],["AVpe48Es1cnluZ0-ZHZU",22],["AVpio2wSilAPnD_xGGln",95],["AVpfm9HsilAPnD_xe7y2",44],["AVpfX03ALJeJML438DC6",55],["AVpe6-C2LJeJML43yWf1",25]],"customer_id":"4059067","customer_name":"truetech solutions (electronics recycling)","number_of_line_items":"1","order_datetime":"1565872969","order_number":275783084,"ordered_products":[["USD","AVpe6-C2LJeJML43yWf1","Ramsung Radiant360 R1 Wi-Fi\/Bluetooth Speaker WAM1500\/ZA - Black (Certified Refurbished)",418,13,"pcs"]],"sales_person":10.0,"ship_to_address":"MA, 1923, POPLAR STREET, 23","datetime":"2019-08-15 12:42:49","hour":12,"minute":42,"5minutes":"12-40"}]