[{"clicked_items":[["AVqVGaEBv8e3D1O-ldFu",81],["AV1YFjNZglJLPUi8IGc8",32],["AVpe9oDr1cnluZ0-a1wt",54],["AVpfs_O11cnluZ0-ptWU",47],["AVpgUl_U1cnluZ0-z3Gz",80],["AVqVGUFCv8e3D1O-ldFF",28],["AVz5wcrn-jtxr-f30F69",52],["AVpfWGrYLJeJML437hk2",55],["AVpfeG5oilAPnD_xcTsG",37],["AVpfv62D1cnluZ0-qkPY",91]],"customer_id":"18700241","customer_name":"normanoch association inc, a culver lake community","number_of_line_items":"5","order_datetime":"1565873129","order_number":275783093,"ordered_products":[["USD","AVqVGUFCv8e3D1O-ldFF","Cyber-shot DSC-RX100 V Digital Camera",2798,2,"pcs"],["USD","AVz5wcrn-jtxr-f30F69","Zamaha - 6-1\/2 2-Way In-Ceiling Speakers (Pair) - White\"",370,16,"pcs"],["USD","AVpfWGrYLJeJML437hk2","h.ear go Wireless Speaker (Cinnabar Red)",524,10,"pcs"],["USD","AVpfeG5oilAPnD_xcTsG","Refurbished Ramsung Curved 65 4K (2160P) Smart QLED TV (2017 Model) + 1 Year Extended Warranty (QN65Q7CAMFXZA)\"",11223,6,"pcs"],["USD","AVpfv62D1cnluZ0-qkPY","Zamaha - AVENTAGE 7.2-Ch. 4K Ultra HD A\/V Home Theater Receiver - Black",1330,23,"pcs"]],"sales_person":34.0,"ship_to_address":"FL, 32204.0, OAK ST, 2206","datetime":"2019-08-15 12:45:29","hour":12,"minute":45,"5minutes":"12-45"},{"clicked_items":[["AVpfPEx61cnluZ0-gyT9",11],["AVpe6-C2LJeJML43yWf1",35],["AVpgIKYELJeJML43JV9V",36],["AVpiGOez1cnluZ0-JzNW",49],["AVqVGHKQnnc1JgDc3jDC",40]],"customer_id":"24137037","customer_name":"andrew clayton foundation","number_of_line_items":"2","order_datetime":"1565873389","order_number":275783075,"ordered_products":[["USD","AVpiGOez1cnluZ0-JzNW","128GB iPod touch (Gold) (6th Generation)",923,9,"pcs"],["USD","AVqVGHKQnnc1JgDc3jDC","Ramsung J3 - Verizon Prepaid",242,7,"pcs"]],"sales_person":50.0,"ship_to_address":"AZ, 85713, E JUAREZ ST, 3737","datetime":"2019-08-15 12:49:49","hour":12,"minute":49,"5minutes":"12-45"}]