[{"clicked_items":[["AVpe7f2rLJeJML43yi3P",60],["AVzxl9XGvKc47QAVfStn",35],["AVphMo6qLJeJML43X_DA",36]],"customer_id":"4059067","customer_name":"truetech solutions (electronics recycling)","number_of_line_items":"1","order_datetime":"1565874075","order_number":275783110,"ordered_products":[["USD","AVphMo6qLJeJML43X_DA","32GB High Speed UHS-I SDHC U3 Memory Card (Class 10)",119,2,"pcs"]],"sales_person":10.0,"ship_to_address":"MA, 1923, POPLAR STREET, 23","datetime":"2019-08-15 13:01:15","hour":13,"minute":1,"5minutes":"13-00"}]