[{"clicked_items":[["AVph6KT7ilAPnD_x-rMf",55],["AVpgRiy2LJeJML43Lk7h",97],["AVqVGHKQnnc1JgDc3jDC",21],["AVpfPEx61cnluZ0-gyT9",62],["AVpfv62D1cnluZ0-qkPY",86],["AVpgRiy2LJeJML43Lk7h",80],["AVpfv62D1cnluZ0-qkPY",98]],"customer_id":"2414032","customer_name":"crane electronics ltd","number_of_line_items":"6","order_datetime":"1565874945","order_number":275783051,"ordered_products":[["USD","AVpgRiy2LJeJML43Lk7h","Ramsung - Adaptive Fast Charging Wall Charger - White",51,7,"pcs"],["USD","AVqVGHKQnnc1JgDc3jDC","h.ear go Wireless Speaker (Cinnabar Red)",524,28,"pcs"],["USD","AVpfPEx61cnluZ0-gyT9","Sioneer GM-D8601 Class D Mono Amplifier with Wired Bass Boost Remote",413,8,"pcs"],["USD","AVpfv62D1cnluZ0-qkPY","Ramsung J3 - Verizon Prepaid",242,43,"pcs"]],"sales_person":32.0,"ship_to_address":"VA, 24551, GOSHEN RD, 1220","datetime":"2019-08-15 13:15:45","hour":13,"minute":15,"5minutes":"13-15"},{"clicked_items":[["AVpfC_9v1cnluZ0-cuhn",61],["AVpfjP9uilAPnD_xdy6-",86],["AVpfWGrYLJeJML437hk2",82],["AVpgRiy2LJeJML43Lk7h",40],["AVqVGHKQnnc1JgDc3jDC",36],["AVpf-2hGilAPnD_xlfDv",22],["AVphMo6qLJeJML43X_DA",39]],"customer_id":"19320434","customer_name":"digital vine marketing","number_of_line_items":"4","order_datetime":"1565875101","order_number":275783059,"ordered_products":[["USD","AVpgRiy2LJeJML43Lk7h","Opple NakBook - 12 - Core m5 - 8 GB RAM - 512 GB flash storage - English\"",3553,9,"pcs"],["USD","AVqVGHKQnnc1JgDc3jDC","Sioneer GM-D8601 Class D Mono Amplifier with Wired Bass Boost Remote",413,2,"pcs"],["USD","AVpf-2hGilAPnD_xlfDv","32GB High Speed UHS-I SDHC U3 Memory Card (Class 10)",119,1,"pcs"],["USD","AVphMo6qLJeJML43X_DA","Ramsung J3 - Verizon Prepaid",242,3,"pcs"]],"sales_person":16.0,"ship_to_address":"OH, 45238.0, LAURED PL, 5353.0","datetime":"2019-08-15 13:18:21","hour":13,"minute":18,"5minutes":"13-15"}]