[{"clicked_items":[["AVpfIODe1cnluZ0-eg35",49],["AVpg59zyilAPnD_xyv3y",87],["AVphMo6qLJeJML43X_DA",29],["AVpe48Es1cnluZ0-ZHZU",73],["AVpfm9HsilAPnD_xe7y2",64],["AVpfSYlFLJeJML436UdP",51],["AVzxl9XGvKc47QAVfStn",33],["AVpiE9hhilAPnD_xAfSU",60],["AVpfvr461cnluZ0-qgHR",45],["AVpfm9HsilAPnD_xe7y2",42]],"customer_id":"31375543","customer_name":"ab digital, llc","number_of_line_items":"1","order_datetime":"1565875397","order_number":275783104,"ordered_products":[["USD","AVpfm9HsilAPnD_xe7y2","Rony STR DN860 7.2 Channel 165 Watt Receiver",1273,7,"pcs"]],"sales_person":43.0,"ship_to_address":"OR, 97060.0, SE 5TH ST, 102","datetime":"2019-08-15 13:23:17","hour":13,"minute":23,"5minutes":"13-20"}]