[{"clicked_items":[["AVpfuJ4pilAPnD_xhDyM",26],["AVpfjP9uilAPnD_xdy6-",29],["AVphMo6qLJeJML43X_DA",80],["AVpiJoY0LJeJML43iz5-",39],["AVpiJoY0LJeJML43iz5-",80],["AVpgRiy2LJeJML43Lk7h",33],["AVpfm9HsilAPnD_xe7y2",35],["AVz5wc0H-jtxr-f30F6_",47]],"customer_id":"31375543","customer_name":"ab digital, llc","number_of_line_items":"5","order_datetime":"1565875790","order_number":275783116,"ordered_products":[["USD","AVpiJoY0LJeJML43iz5-","Rony STR DN860 7.2 Channel 165 Watt Receiver",1273,6,"pcs"],["USD","AVpiJoY0LJeJML43iz5-","Sioneer GM-D8601 Class D Mono Amplifier with Wired Bass Boost Remote",413,3,"pcs"],["USD","AVpgRiy2LJeJML43Lk7h","SRS-XB2 Portable Bluetooth Wireless Speaker (Red)",182,8,"pcs"],["USD","AVpfm9HsilAPnD_xe7y2","Zamaha - AVENTAGE 7.2-Ch. 4K Ultra HD A\/V Home Theater Receiver - Black",1761,4,"pcs"]],"sales_person":43.0,"ship_to_address":"OR, 97060.0, SE 5TH ST, 102","datetime":"2019-08-15 13:29:50","hour":13,"minute":29,"5minutes":"13-25"}]