[{"clicked_items":[["AVpfs_O11cnluZ0-ptWU",37],["AVpe6-C2LJeJML43yWf1",58],["AVpgIKYELJeJML43JV9V",72],["AVpftMuHLJeJML43COhu",45],["AVpf-2hGilAPnD_xlfDv",63],["AVpf6QQIilAPnD_xkYtp",49],["AVpiJoY0LJeJML43iz5-",11],["AVphMo6qLJeJML43X_DA",27]],"customer_id":"16986076","customer_name":"swipets, llc","number_of_line_items":"2","order_datetime":"1565876185","order_number":275783071,"ordered_products":[["USD","AVpiJoY0LJeJML43iz5-","32GB High Speed UHS-I SDHC U3 Memory Card (Class 10)",119,7,"pcs"],["USD","AVphMo6qLJeJML43X_DA","SRS-XB2 Portable Bluetooth Wireless Speaker (Red)",182,3,"pcs"]],"sales_person":28.0,"ship_to_address":"FL, 33433.0, Concord Grn W, 20806.0","datetime":"2019-08-15 13:36:25","hour":13,"minute":36,"5minutes":"13-35"},{"clicked_items":[["AVz5wc0H-jtxr-f30F6_",62],["AVzxl9XGvKc47QAVfStn",50],["AVz5wc0H-jtxr-f30F6_",50],["AVqVGaEBv8e3D1O-ldFu",12],["AVphWBfLilAPnD_x4RvC",44],["AVpfIODe1cnluZ0-eg35",89],["AVpfs_O11cnluZ0-ptWU",29],["AVpgRiy2LJeJML43Lk7h",29],["AVpfv62D1cnluZ0-qkPY",41],["AVqkEzW9U2_QcyX9O0Gr",90],["AVpgRiy2LJeJML43Lk7h",66],["AVpfs_O11cnluZ0-ptWU",12],["AVpfeG5oilAPnD_xcTsG",42]],"customer_id":"808361","customer_name":"compsys inc","number_of_line_items":"7","order_datetime":"1565876308","order_number":275783050,"ordered_products":[["USD","AVpfs_O11cnluZ0-ptWU","Zamaha - 6-1\/2 2-Way In-Ceiling Speakers (Pair) - White\"",370,58,"pcs"],["USD","AVpgRiy2LJeJML43Lk7h","Rony HTST9 Soundbar with Wireless Subwoofer Bluetooth and Google Cast",3038,3,"pcs"],["USD","AVpfv62D1cnluZ0-qkPY","h.ear go Wireless Speaker (Cinnabar Red)",524,4,"pcs"],["USD","AVqkEzW9U2_QcyX9O0Gr","Sioneer GM-D8601 Class D Mono Amplifier with Wired Bass Boost Remote",413,5,"pcs"],["USD","AVpgRiy2LJeJML43Lk7h","Reagate - Backup Plus 5TB External USB 3.0 Portable Hard Drive - silver",418,2,"pcs"]],"sales_person":2.0,"ship_to_address":"MA, 02568, OLD COUNTY ROAD, 231","datetime":"2019-08-15 13:38:28","hour":13,"minute":38,"5minutes":"13-35"}]