[{"clicked_items":[["AVphMo6qLJeJML43X_DA",83],["AVpe_9aLilAPnD_xStSC",77],["AVpftMuHLJeJML43COhu",50],["AVpfm9HsilAPnD_xe7y2",67],["AVph6KT7ilAPnD_x-rMf",94],["AVpe_semLJeJML430DAU",42],["AVpiJoY0LJeJML43iz5-",11],["AVphMo6qLJeJML43X_DA",48]],"customer_id":"6649419","customer_name":"barstons childs play","number_of_line_items":"2","order_datetime":"1565875959","order_number":275783105,"ordered_products":[["USD","AVpiJoY0LJeJML43iz5-","32GB High Speed UHS-I SDHC U3 Memory Card (Class 10)",119,2,"pcs"],["USD","AVphMo6qLJeJML43X_DA","SRS-XB2 Portable Bluetooth Wireless Speaker (Red)",182,5,"pcs"]],"sales_person":17.0,"ship_to_address":"MI, 48187, BEAUFORT, 6047.0","datetime":"2019-08-15 13:32:39","hour":13,"minute":32,"5minutes":"13-30"},{"clicked_items":[["AVqVGHKQnnc1JgDc3jDC",82],["AVqVGaEBv8e3D1O-ldFu",60],["AVpiE9hhilAPnD_xAfSU",94],["AVpfv62D1cnluZ0-qkPY",64],["AVqVGaCCU2_QcyX9Ozcf",82],["AVpiGOez1cnluZ0-JzNW",94],["AVqVGUFCv8e3D1O-ldFF",19],["AVqVGUFCv8e3D1O-ldFF",19],["AVpg-Wj61cnluZ0-8sZe",20],["AVpfs_O11cnluZ0-ptWU",51],["AVz5wc0H-jtxr-f30F6_",70],["AVpgRiy2LJeJML43Lk7h",10],["AVqVGHKQnnc1JgDc3jDC",25],["AVpiJoY0LJeJML43iz5-",34]],"customer_id":"23002014","customer_name":"pgb-cdm consultants, llc.","number_of_line_items":"6","order_datetime":"1565875999","order_number":275783061,"ordered_products":[["USD","AVpg-Wj61cnluZ0-8sZe","Rony HTST9 Soundbar with Wireless Subwoofer Bluetooth and Google Cast",3038,19,"pcs"],["USD","AVpfs_O11cnluZ0-ptWU","64GB High Speed UHS-I SDXC U3 Memory Card (Class 10)",168,8,"pcs"],["USD","AVz5wc0H-jtxr-f30F6_","Sioneer GM-D8601 Class D Mono Amplifier with Wired Bass Boost Remote",413,25,"pcs"],["USD","AVpgRiy2LJeJML43Lk7h","SRS-XB2 Portable Bluetooth Wireless Speaker (Red)",182,9,"pcs"],["USD","AVqVGHKQnnc1JgDc3jDC","Ramsung J3 - Verizon Prepaid",242,9,"pcs"],["USD","AVpiJoY0LJeJML43iz5-","Zamaha - AVENTAGE 7.2-Ch. 4K Ultra HD A\/V Home Theater Receiver - Black",1761,6,"pcs"]],"sales_person":28.0,"ship_to_address":"FL, 32425.0, HWY 162, 3526","datetime":"2019-08-15 13:33:19","hour":13,"minute":33,"5minutes":"13-30"},{"clicked_items":[["AVpfs_O11cnluZ0-ptWU",81],["AVphMo6qLJeJML43X_DA",60],["AVphMo6qLJeJML43X_DA",24],["AVpfv62D1cnluZ0-qkPY",53]],"customer_id":"18368597","customer_name":"lvw electronics","number_of_line_items":"4","order_datetime":"1565876067","order_number":275783063,"ordered_products":[["USD","AVpfs_O11cnluZ0-ptWU","Rony HTST9 Soundbar with Wireless Subwoofer Bluetooth and Google Cast",3038,2,"pcs"],["USD","AVphMo6qLJeJML43X_DA","h.ear go Wireless Speaker (Cinnabar Red)",524,5,"pcs"],["USD","AVphMo6qLJeJML43X_DA","32GB High Speed UHS-I SDHC U3 Memory Card (Class 10)",119,1,"pcs"]],"sales_person":11.0,"ship_to_address":"NY, 12590, Colonial Drive, 4","datetime":"2019-08-15 13:34:27","hour":13,"minute":34,"5minutes":"13-30"}]