[{"clicked_items":[["AVpe77ZXLJeJML43ysuz",78],["AVpf-2hGilAPnD_xlfDv",78],["AVpgQP5vLJeJML43LQbd",12],["AVpgQP5vLJeJML43LQbd",84],["AVpfZaCp1cnluZ0-kDV9",59],["AVpjedgc1cnluZ0-W4NI",83],["AVpfm9HsilAPnD_xe7y2",39],["AVpfv62D1cnluZ0-qkPY",73],["AVqVGHKQnnc1JgDc3jDC",42],["AVpiJoY0LJeJML43iz5-",29],["AVpe77ZXLJeJML43ysuz",63],["AVpgRiy2LJeJML43Lk7h",72]],"customer_id":"2717794","customer_name":"findlay digital academy","number_of_line_items":"6","order_datetime":"1565876603","order_number":275783117,"ordered_products":[["USD","AVpfm9HsilAPnD_xe7y2","4GB NW-WS413 Sports Walkman Digital Music Player (Black)",245,8,"pcs"],["USD","AVpfv62D1cnluZ0-qkPY","Rony STR DN860 7.2 Channel 165 Watt Receiver",1273,9,"pcs"],["USD","AVqVGHKQnnc1JgDc3jDC","h.ear go Wireless Speaker (Cinnabar Red)",524,26,"pcs"],["USD","AVpiJoY0LJeJML43iz5-","Sioneer GM-D8601 Class D Mono Amplifier with Wired Bass Boost Remote",413,3,"pcs"],["USD","AVpe77ZXLJeJML43ysuz","SRS-XB2 Portable Bluetooth Wireless Speaker (Red)",182,9,"pcs"],["USD","AVpgRiy2LJeJML43Lk7h","Ramsung J3 - Verizon Prepaid",242,3,"pcs"]],"sales_person":9.0,"ship_to_address":"MA, 1568.0, EAST STREET, 48","datetime":"2019-08-15 13:43:23","hour":13,"minute":43,"5minutes":"13-40"}]