[{"clicked_items":[["AVpfZaCp1cnluZ0-kDV9",32],["AVpftMuHLJeJML43COhu",48],["AVpiBT8VLJeJML43hWwi",79],["AV1YFjNZglJLPUi8IGc8",51],["AVpe77ZXLJeJML43ysuz",49],["AVpfWxx7LJeJML437u-H",47],["AVzxl9XGvKc47QAVfStn",38],["AVphMo6qLJeJML43X_DA",89]],"customer_id":"5861185","customer_name":"bear creek archeology, inc.","number_of_line_items":"1","order_datetime":"1565877545","order_number":275783065,"ordered_products":[["USD","AVphMo6qLJeJML43X_DA","32GB High Speed UHS-I SDHC U3 Memory Card (Class 10)",119,8,"pcs"]],"sales_person":50.0,"ship_to_address":"CO, 80234.0, East Midway Boulevard, 2885","datetime":"2019-08-15 13:59:05","hour":13,"minute":59,"5minutes":"13-55"}]