[{"clicked_items":[["AVpgRiy2LJeJML43Lk7h",65],["AVpfs_O11cnluZ0-ptWU",72],["AVpfuJ4pilAPnD_xhDyM",69],["AVpgRiy2LJeJML43Lk7h",99]],"customer_id":"19236828","customer_name":"caivis acquisition corp","number_of_line_items":"1","order_datetime":"1565877100","order_number":275783102,"ordered_products":[["USD","AVpgRiy2LJeJML43Lk7h","Sioneer GM-D8601 Class D Mono Amplifier with Wired Bass Boost Remote",413,1,"pcs"]],"sales_person":0.0,"ship_to_address":"NY, 11756, Constable Lane, 60","datetime":"2019-08-15 13:51:40","hour":13,"minute":51,"5minutes":"13-50"},{"clicked_items":[["AVpfs_O11cnluZ0-ptWU",56],["AVpfeG5oilAPnD_xcTsG",29],["AVpe_9aLilAPnD_xStSC",86],["AVpiJoY0LJeJML43iz5-",14],["AVpfeG5oilAPnD_xcTsG",50],["AVph6KT7ilAPnD_x-rMf",69]],"customer_id":"10060379","customer_name":"digital collaboration solutions","number_of_line_items":"5","order_datetime":"1565877122","order_number":275783095,"ordered_products":[["USD","AVpfeG5oilAPnD_xcTsG","SP-C22 Andrew Jones Designed Center Channel Speaker",273,28,"pcs"],["USD","AVpe_9aLilAPnD_xStSC","Zamaha - 6-1\/2 2-Way In-Ceiling Speakers (Pair) - White\"",370,1,"pcs"],["USD","AVpiJoY0LJeJML43iz5-","Rony STRDN1070 7.2-channel AV Receiver w\/ Bluetooth",1382,2,"pcs"],["USD","AVpfeG5oilAPnD_xcTsG","SRS-XB2 Portable Bluetooth Wireless Speaker (Red)",182,2,"pcs"]],"sales_person":1.0,"ship_to_address":"NJ, 7652.0, Terhune Avenue, 395","datetime":"2019-08-15 13:52:02","hour":13,"minute":52,"5minutes":"13-50"},{"clicked_items":[["AVpe9oDr1cnluZ0-a1wt",83],["AVpfC_9v1cnluZ0-cuhn",60],["AVpe_9aLilAPnD_xStSC",72],["AVpfAXof1cnluZ0-bz3u",19],["AVpiBT8VLJeJML43hWwi",36],["AVpfWGrYLJeJML437hk2",99],["AVpggL_W1cnluZ0-2Wfp",53],["AVpgRiy2LJeJML43Lk7h",22]],"customer_id":"19080290","customer_name":"international electronic business iii inc.","number_of_line_items":"2","order_datetime":"1565877174","order_number":275783052,"ordered_products":[["USD","AVpggL_W1cnluZ0-2Wfp","Sioneer GM-D8601 Class D Mono Amplifier with Wired Bass Boost Remote",413,4,"pcs"],["USD","AVpgRiy2LJeJML43Lk7h","Opple MD825AM\/A Lightning to VGA Adapter for iPhones",108,5,"pcs"]],"sales_person":41.0,"ship_to_address":"CA, 90016, S SPAULDING AVE, 1908","datetime":"2019-08-15 13:52:54","hour":13,"minute":52,"5minutes":"13-50"},{"clicked_items":[["AVpfm9_AilAPnD_xe8Dd",25],["AVpfMVD-ilAPnD_xW6bu",68],["AVpfm9_AilAPnD_xe8Dd",14],["AVpggL_W1cnluZ0-2Wfp",25],["AVpe48Es1cnluZ0-ZHZU",21],["AVpf6QQIilAPnD_xkYtp",83],["AVpio2wSilAPnD_xGGln",29],["AVpfuJ4pilAPnD_xhDyM",62],["AVpfPEx61cnluZ0-gyT9",76]],"customer_id":"15116008","customer_name":"nanuet family dentistry","number_of_line_items":"1","order_datetime":"1565877225","order_number":275783098,"ordered_products":[["USD","AVpfPEx61cnluZ0-gyT9","Ramsung - Adaptive Fast Charging Wall Charger - White",18,6,"pcs"]],"sales_person":23.0,"ship_to_address":"OH, 45651, W MAIN ST, 507","datetime":"2019-08-15 13:53:45","hour":13,"minute":53,"5minutes":"13-50"}]