[{"clicked_items":[["AVpfPEx61cnluZ0-gyT9",56],["AVphWBfLilAPnD_x4RvC",92],["AVpftMuHLJeJML43COhu",26],["AVpe77ZXLJeJML43ysuz",79],["AVqVGaEBv8e3D1O-ldFu",98],["AVz5wc0H-jtxr-f30F6_",94],["AVph6KT7ilAPnD_x-rMf",72],["AVpgIKYELJeJML43JV9V",47],["AVph6KT7ilAPnD_x-rMf",83],["AVpfm9HsilAPnD_xe7y2",14],["AVpiJoY0LJeJML43iz5-",73],["AVpe77ZXLJeJML43ysuz",14]],"customer_id":"16917979","customer_name":"sun digital marketing","number_of_line_items":"7","order_datetime":"1565877638","order_number":275783135,"ordered_products":[["USD","AVz5wc0H-jtxr-f30F6_","4GB NW-WS413 Sports Walkman Digital Music Player (Black)",245,7,"pcs"],["USD","AVph6KT7ilAPnD_x-rMf","Rony STR DN860 7.2 Channel 165 Watt Receiver",1273,4,"pcs"],["USD","AVpgIKYELJeJML43JV9V","HT-XT2 170W 2.1-Channel TV Speaker Base (Black)",601,8,"pcs"],["USD","AVph6KT7ilAPnD_x-rMf","Rony STRDN1070 7.2-channel AV Receiver w\/ Bluetooth",1382,3,"pcs"],["USD","AVpfm9HsilAPnD_xe7y2","SRS-XB2 Portable Bluetooth Wireless Speaker (Red)",182,29,"pcs"],["USD","AVpiJoY0LJeJML43iz5-","Zamaha - AVENTAGE 7.2-Ch. 4K Ultra HD A\/V Home Theater Receiver - Black",1761,9,"pcs"]],"sales_person":20.0,"ship_to_address":"OH, 44145, HUMMINGBIRD CIR, 29407","datetime":"2019-08-15 14:00:38","hour":14,"minute":0,"5minutes":"14-00"},{"clicked_items":[["AVpe9oDr1cnluZ0-a1wt",60],["AVpe_semLJeJML430DAU",39],["AVz5wcrn-jtxr-f30F69",32],["AVpfv62D1cnluZ0-qkPY",35],["AVpe6-C2LJeJML43yWf1",82],["AVphMo6qLJeJML43X_DA",24]],"customer_id":"59558179","customer_name":"o'shea-ward insurance group","number_of_line_items":"1","order_datetime":"1565877712","order_number":275783092,"ordered_products":[["USD","AVphMo6qLJeJML43X_DA","32GB High Speed UHS-I SDHC U3 Memory Card (Class 10)",119,5,"pcs"]],"sales_person":28.0,"ship_to_address":"NC, 28806.0, VERMONT AVE, 70","datetime":"2019-08-15 14:01:52","hour":14,"minute":1,"5minutes":"14-00"},{"clicked_items":[["AVpfCW42ilAPnD_xTj0y",49],["AVpfjP9uilAPnD_xdy6-",35],["AVpiBT8VLJeJML43hWwi",16],["AVpf6QQIilAPnD_xkYtp",18],["AVz5wcrn-jtxr-f30F69",15],["AVpio2wSilAPnD_xGGln",98],["AVpfCW42ilAPnD_xTj0y",82]],"customer_id":"52792383","customer_name":"digital 1380","number_of_line_items":"3","order_datetime":"1565877842","order_number":275783062,"ordered_products":[["USD","AVz5wcrn-jtxr-f30F69","CD-C600 5-Disc CD Changer",287,27,"pcs"],["USD","AVpio2wSilAPnD_xGGln","CRX-322 CD Receiver",250,9,"pcs"],["USD","AVpfCW42ilAPnD_xTj0y","Zamaha - AVENTAGE 7.2-Ch. 4K Ultra HD A\/V Home Theater Receiver - Black",467,9,"pcs"]],"sales_person":35.0,"ship_to_address":"NC, 28078, OLD STATESVILLE RD, 11724.0","datetime":"2019-08-15 14:04:02","hour":14,"minute":4,"5minutes":"14-00"}]