[{"clicked_items":[["AVpf6QQIilAPnD_xkYtp",35],["AVpiBT8VLJeJML43hWwi",85],["AVpgIKYELJeJML43JV9V",89],["AVpe_9aLilAPnD_xStSC",19],["AVz5wcrn-jtxr-f30F69",19],["AVpio2wSilAPnD_xGGln",23],["AVpe77ZXLJeJML43ysuz",23],["AVpfKRGKLJeJML433rPX",10],["AVqVGHKQnnc1JgDc3jDC",22],["AVqVGHKQnnc1JgDc3jDC",20],["AVpfs_O11cnluZ0-ptWU",52]],"customer_id":"7025612","customer_name":"print digital plus inc","number_of_line_items":"2","order_datetime":"1565878005","order_number":275783080,"ordered_products":[["USD","AVqVGHKQnnc1JgDc3jDC","Rony HTST9 Soundbar with Wireless Subwoofer Bluetooth and Google Cast",1066,4,"pcs"],["USD","AVpfs_O11cnluZ0-ptWU","Ramsung J3 - Verizon Prepaid",85,6,"pcs"]],"sales_person":36.0,"ship_to_address":"GA, 30907.0, Boars Head Rd, 2708","datetime":"2019-08-15 14:06:45","hour":14,"minute":6,"5minutes":"14-05"},{"clicked_items":[["AVpe48Es1cnluZ0-ZHZU",58],["AVpfs_O11cnluZ0-ptWU",23]],"customer_id":"2414032","customer_name":"crane electronics ltd","number_of_line_items":"1","order_datetime":"1565878069","order_number":275783103,"ordered_products":[["USD","AVpfs_O11cnluZ0-ptWU","Rony HTST9 Soundbar with Wireless Subwoofer Bluetooth and Google Cast",3038,7,"pcs"]],"sales_person":32.0,"ship_to_address":"VA, 24551, GOSHEN RD, 1220","datetime":"2019-08-15 14:07:49","hour":14,"minute":7,"5minutes":"14-05"},{"clicked_items":[["AVpio2wSilAPnD_xGGln",18],["AVz5wc0H-jtxr-f30F6_",92]],"customer_id":"13696925","customer_name":"electronic media communications","number_of_line_items":"1","order_datetime":"1565878158","order_number":275783124,"ordered_products":[["USD","AVz5wc0H-jtxr-f30F6_","Zamaha - AVENTAGE 7.2-Ch. 4K Ultra HD A\/V Home Theater Receiver - Black",1761,5,"pcs"]],"sales_person":47.0,"ship_to_address":"CA, 91789.0, South   Pebble Lane, 2202","datetime":"2019-08-15 14:09:18","hour":14,"minute":9,"5minutes":"14-05"},{"clicked_items":[["AVwjdOdov8e3D1O-nnK9",50],["AVpfWGrYLJeJML437hk2",59],["AVpe77ZXLJeJML43ysuz",99],["AVz5wcrn-jtxr-f30F69",16],["AVpgRiy2LJeJML43Lk7h",26],["AVpgRiy2LJeJML43Lk7h",47]],"customer_id":"19320434","customer_name":"digital vine marketing","number_of_line_items":"3","order_datetime":"1565878167","order_number":275783127,"ordered_products":[["USD","AVz5wcrn-jtxr-f30F69","Sioneer GM-D8601 Class D Mono Amplifier with Wired Bass Boost Remote",413,5,"pcs"],["USD","AVpgRiy2LJeJML43Lk7h","Zamaha - AVENTAGE 7.2-Ch. 4K Ultra HD A\/V Home Theater Receiver - Black",1330,4,"pcs"]],"sales_person":16.0,"ship_to_address":"OH, 45238.0, LAURED PL, 5353.0","datetime":"2019-08-15 14:09:27","hour":14,"minute":9,"5minutes":"14-05"}]