[{"clicked_items":[["AVpio2wSilAPnD_xGGln",48],["AVqVGUFCv8e3D1O-ldFF",56],["AVpe_semLJeJML430DAU",86],["AVpggL_W1cnluZ0-2Wfp",25],["AVpfSYlFLJeJML436UdP",81],["AVqVGHKQnnc1JgDc3jDC",30],["AVz5wcrn-jtxr-f30F69",86]],"customer_id":"10696440","customer_name":"vg electronics","number_of_line_items":"3","order_datetime":"1565878644","order_number":275783077,"ordered_products":[["USD","AVpfSYlFLJeJML436UdP","Rony - 5.1-Ch. 3D \/ Smart Blu-ray Home Theater System - Black",729,58,"pcs"],["USD","AVqVGHKQnnc1JgDc3jDC","Ramsung J3 - Verizon Prepaid",242,5,"pcs"],["USD","AVz5wcrn-jtxr-f30F69","Zamaha - AVENTAGE 7.2-Ch. 4K Ultra HD A\/V Home Theater Receiver - Black",1330,14,"pcs"]],"sales_person":4.0,"ship_to_address":"NJ, 7017.0, Lake Street, 36","datetime":"2019-08-15 14:17:24","hour":14,"minute":17,"5minutes":"14-15"},{"clicked_items":[["AVpiE9hhilAPnD_xAfSU",41],["AVpiE9hhilAPnD_xAfSU",39],["AVphMo6qLJeJML43X_DA",20],["AVpfv62D1cnluZ0-qkPY",58],["AVqVGUFCv8e3D1O-ldFF",97],["AVpiHEE31cnluZ0-J8jJ",54],["AVqVGaEBv8e3D1O-ldFu",95],["AVwjdOdov8e3D1O-nnK9",56],["AVpfuJ4pilAPnD_xhDyM",65],["AVpfjP9uilAPnD_xdy6-",84],["AVpgRiy2LJeJML43Lk7h",76],["AVz5wcrn-jtxr-f30F69",88],["AVpgRiy2LJeJML43Lk7h",13]],"customer_id":"16250575","customer_name":"mortenson safar kim","number_of_line_items":"4","order_datetime":"1565878740","order_number":275783056,"ordered_products":[["USD","AVpfjP9uilAPnD_xdy6-","Rony Mini Digital Video Cassettes - DVC - 1 Hour",51,9,"pcs"],["USD","AVpgRiy2LJeJML43Lk7h","Sioneer GM-D8601 Class D Mono Amplifier with Wired Bass Boost Remote",413,2,"pcs"],["USD","AVz5wcrn-jtxr-f30F69","Zamaha - AVENTAGE 7.2-Ch. 4K Ultra HD A\/V Home Theater Receiver - Black",1330,1,"pcs"]],"sales_person":7.0,"ship_to_address":"NY, 14519, Ridge Road, 147","datetime":"2019-08-15 14:19:00","hour":14,"minute":19,"5minutes":"14-15"}]