[{"clicked_items":[["AVpfv62D1cnluZ0-qkPY",82],["AVpfv62D1cnluZ0-qkPY",74],["AVpiHEE31cnluZ0-J8jJ",35],["AVqVGHKQnnc1JgDc3jDC",47]],"customer_id":"2717794","customer_name":"findlay digital academy","number_of_line_items":"4","order_datetime":"1565879405","order_number":275783041,"ordered_products":[["USD","AVpfv62D1cnluZ0-qkPY","h.ear go Wireless Speaker (Cinnabar Red)",524,4,"pcs"],["USD","AVpfv62D1cnluZ0-qkPY","Details About Reagate 4 Terabyte (4tb) Superspeed Usb 3.0 Game Drive For Xbox One Stea4000402",381,3,"pcs"],["USD","AVpiHEE31cnluZ0-J8jJ","Ramsung J3 - Verizon Prepaid",242,17,"pcs"]],"sales_person":9.0,"ship_to_address":"MA, 1568.0, EAST STREET, 48","datetime":"2019-08-15 14:30:05","hour":14,"minute":30,"5minutes":"14-30"},{"clicked_items":[["AVz5wclz-jtxr-f30F66",47],["AVpiHEE31cnluZ0-J8jJ",34],["AVpgIKYELJeJML43JV9V",97],["AVpfm9HsilAPnD_xe7y2",51],["AVpgQP5vLJeJML43LQbd",66],["AVpiJoY0LJeJML43iz5-",65],["AVpg59zyilAPnD_xyv3y",72],["AVpiBT8VLJeJML43hWwi",43],["AVpfv62D1cnluZ0-qkPY",33],["AVz5wcrn-jtxr-f30F69",25],["AVpfm9HsilAPnD_xe7y2",78],["AVpfjP9uilAPnD_xdy6-",86],["AVpfs_O11cnluZ0-ptWU",81]],"customer_id":"16050585","customer_name":"in home electronics","number_of_line_items":"5","order_datetime":"1565879595","order_number":275783057,"ordered_products":[["USD","AVpfv62D1cnluZ0-qkPY","Rony Mini Digital Video Cassettes - DVC - 1 Hour",51,7,"pcs"],["USD","AVz5wcrn-jtxr-f30F69","Rony STR DN860 7.2 Channel 165 Watt Receiver",1273,6,"pcs"],["USD","AVpfm9HsilAPnD_xe7y2","Rony HTST9 Soundbar with Wireless Subwoofer Bluetooth and Google Cast",3038,3,"pcs"],["USD","AVpfjP9uilAPnD_xdy6-","h.ear go Wireless Speaker (Cinnabar Red)",524,3,"pcs"],["USD","AVpfs_O11cnluZ0-ptWU","Zamaha - AVENTAGE 7.2-Ch. 4K Ultra HD A\/V Home Theater Receiver - Black",1330,6,"pcs"]],"sales_person":10.0,"ship_to_address":"NY, 14613, Brooklyn Street, 11","datetime":"2019-08-15 14:33:15","hour":14,"minute":33,"5minutes":"14-30"},{"clicked_items":[["AVpiGOez1cnluZ0-JzNW",89],["AVpftMuHLJeJML43COhu",38],["AVpfKRGKLJeJML433rPX",96],["AVpfAXof1cnluZ0-bz3u",96],["AVpgRiy2LJeJML43Lk7h",48],["AVpe6-C2LJeJML43yWf1",30],["AVpiJoY0LJeJML43iz5-",55]],"customer_id":"18224645","customer_name":"digital creations","number_of_line_items":"1","order_datetime":"1565879601","order_number":275783070,"ordered_products":[["USD","AVpiJoY0LJeJML43iz5-","SRS-XB2 Portable Bluetooth Wireless Speaker (Red)",182,6,"pcs"]],"sales_person":48.0,"ship_to_address":"CA, 93619, N OUTLOOK CT, 4559","datetime":"2019-08-15 14:33:21","hour":14,"minute":33,"5minutes":"14-30"}]