[{"clicked_items":[["AVqVGUFCv8e3D1O-ldFF",17],["AVpgUl_U1cnluZ0-z3Gz",26],["AVpfIODe1cnluZ0-eg35",74],["AVqVGaCCU2_QcyX9Ozcf",77],["AVpe7f2rLJeJML43yi3P",71],["AVpi7IY9ilAPnD_xIvXb",51],["AVpggL_W1cnluZ0-2Wfp",62],["AVpfMVD-ilAPnD_xW6bu",31],["AVpfv62D1cnluZ0-qkPY",89],["AVpe77ZXLJeJML43ysuz",42],["AVpfWGrYLJeJML437hk2",77]],"customer_id":"24775358","customer_name":"accel integrated electronics","number_of_line_items":"3","order_datetime":"1565879933","order_number":275783048,"ordered_products":[["USD","AVpfv62D1cnluZ0-qkPY","4GB NW-WS413 Sports Walkman Digital Music Player (Black)",245,2,"pcs"],["USD","AVpe77ZXLJeJML43ysuz","Cyber-shot DSC-RX100 V Digital Camera",2798,2,"pcs"],["USD","AVpfWGrYLJeJML437hk2","h.ear go Wireless Speaker (Cinnabar Red)",524,7,"pcs"]],"sales_person":28.0,"ship_to_address":"FL, 32953, PATRICK AVE, 315","datetime":"2019-08-15 14:38:53","hour":14,"minute":38,"5minutes":"14-35"}]