[{"clicked_items":[["AVphMo6qLJeJML43X_DA",84],["AVpfv62D1cnluZ0-qkPY",48],["AVqVGHKQnnc1JgDc3jDC",29],["AVqVGHKQnnc1JgDc3jDC",64]],"customer_id":"29187330","customer_name":"kent electronics","number_of_line_items":"4","order_datetime":"1565880392","order_number":275783115,"ordered_products":[["USD","AVphMo6qLJeJML43X_DA","h.ear go Wireless Speaker (Cinnabar Red)",524,2,"pcs"],["USD","AVpfv62D1cnluZ0-qkPY","32GB High Speed UHS-I SDHC U3 Memory Card (Class 10)",119,5,"pcs"],["USD","AVqVGHKQnnc1JgDc3jDC","Ramsung J3 - Verizon Prepaid",242,2,"pcs"]],"sales_person":40.0,"ship_to_address":"FL, 33971, JUDY AVE N, 5900","datetime":"2019-08-15 14:46:32","hour":14,"minute":46,"5minutes":"14-45"},{"clicked_items":[["AVpiJoY0LJeJML43iz5-",56],["AVpftMuHLJeJML43COhu",72],["AVpfAXof1cnluZ0-bz3u",82],["AVpfAXof1cnluZ0-bz3u",78],["AVpgQP5vLJeJML43LQbd",75],["AVpgRiy2LJeJML43Lk7h",32],["AVphWBfLilAPnD_x4RvC",77],["AVz5wcrn-jtxr-f30F69",58],["AVpio2wSilAPnD_xGGln",75],["AVpfIODe1cnluZ0-eg35",52],["AVpiJoY0LJeJML43iz5-",71],["AVpe77ZXLJeJML43ysuz",90],["AVphMo6qLJeJML43X_DA",18],["AVph6KT7ilAPnD_x-rMf",50],["AVpfs_O11cnluZ0-ptWU",52],["AVpfs_O11cnluZ0-ptWU",31]],"customer_id":"7025612","customer_name":"print digital plus inc","number_of_line_items":"7","order_datetime":"1565880393","order_number":275783111,"ordered_products":[["USD","AVpfIODe1cnluZ0-eg35","4GB NW-WS413 Sports Walkman Digital Music Player (Black)",86,6,"pcs"],["USD","AVpiJoY0LJeJML43iz5-","Cyber-shot DSC-WX220 Digital Camera (Black)",219,7,"pcs"],["USD","AVpe77ZXLJeJML43ysuz","Rony HTST9 Soundbar with Wireless Subwoofer Bluetooth and Google Cast",1066,25,"pcs"],["USD","AVphMo6qLJeJML43X_DA","Rony STRDN1070 7.2-channel AV Receiver w\/ Bluetooth",485,7,"pcs"],["USD","AVph6KT7ilAPnD_x-rMf","32GB High Speed UHS-I SDHC U3 Memory Card (Class 10)",42,1,"pcs"],["USD","AVpfs_O11cnluZ0-ptWU","SRS-XB2 Portable Bluetooth Wireless Speaker (Red)",64,16,"pcs"]],"sales_person":36.0,"ship_to_address":"GA, 30907.0, Boars Head Rd, 2708","datetime":"2019-08-15 14:46:33","hour":14,"minute":46,"5minutes":"14-45"},{"clicked_items":[["AVph6KT7ilAPnD_x-rMf",79],["AVz5wc0H-jtxr-f30F6_",10],["AVqVGHKQnnc1JgDc3jDC",97],["AVz5wcrn-jtxr-f30F69",26]],"customer_id":"9135976","customer_name":"epic electronics","number_of_line_items":"4","order_datetime":"1565880413","order_number":275783096,"ordered_products":[["USD","AVph6KT7ilAPnD_x-rMf","Rony STRDN1070 7.2-channel AV Receiver w\/ Bluetooth",1382,9,"pcs"],["USD","AVz5wc0H-jtxr-f30F6_","Ramsung J3 - Verizon Prepaid",242,6,"pcs"],["USD","AVqVGHKQnnc1JgDc3jDC","Zamaha - AVENTAGE 7.2-Ch. 4K Ultra HD A\/V Home Theater Receiver - Black",1761,9,"pcs"],["USD","AVz5wcrn-jtxr-f30F69","Zamaha - AVENTAGE 7.2-Ch. 4K Ultra HD A\/V Home Theater Receiver - Black",1330,5,"pcs"]],"sales_person":1.0,"ship_to_address":"PA, 18052, ROBERT ST, 1431","datetime":"2019-08-15 14:46:53","hour":14,"minute":46,"5minutes":"14-45"},{"clicked_items":[["AVpe77ZXLJeJML43ysuz",64],["AVpfm9HsilAPnD_xe7y2",93],["AVpfCW42ilAPnD_xTj0y",22],["AVpe7f2rLJeJML43yi3P",24],["AVzxl9XGvKc47QAVfStn",27],["AVpfWxx7LJeJML437u-H",13],["AVpiJoY0LJeJML43iz5-",18],["AVph6KT7ilAPnD_x-rMf",15],["AVpfeG5oilAPnD_xcTsG",89],["AVph6KT7ilAPnD_x-rMf",14],["AVpfC_9v1cnluZ0-cuhn",27]],"customer_id":"9980682","customer_name":"mcbride and associates","number_of_line_items":"5","order_datetime":"1565880458","order_number":275783064,"ordered_products":[["USD","AVpiJoY0LJeJML43iz5-","R-S300 Natural Sound Stereo Receiver",789,1,"pcs"],["USD","AVph6KT7ilAPnD_x-rMf","Zamaha - 6-1\/2 2-Way In-Ceiling Speakers (Pair) - White\"",370,11,"pcs"],["USD","AVpfeG5oilAPnD_xcTsG","Rony STRDN1070 7.2-channel AV Receiver w\/ Bluetooth",1382,8,"pcs"],["USD","AVph6KT7ilAPnD_x-rMf","SRS-XB2 Portable Bluetooth Wireless Speaker (Red)",182,3,"pcs"]],"sales_person":30.0,"ship_to_address":"GA, 30518, MOUNTAIN RIDGE CIR, 6241.0","datetime":"2019-08-15 14:47:38","hour":14,"minute":47,"5minutes":"14-45"},{"clicked_items":[["AVpi7IY9ilAPnD_xIvXb",70],["AVpiBT8VLJeJML43hWwi",73],["AVpe6-C2LJeJML43yWf1",66],["AVqVGaCCU2_QcyX9Ozcf",90],["AVpf-2hGilAPnD_xlfDv",99],["AVpfZaCp1cnluZ0-kDV9",27],["AVz5wcrn-jtxr-f30F69",15]],"customer_id":"1215895","customer_name":"precision electronic glass","number_of_line_items":"2","order_datetime":"1565880570","order_number":275783066,"ordered_products":[["USD","AVpfZaCp1cnluZ0-kDV9","15.4 NakBook Pro with Touch Bar (Late 2016, Space Gray)",6714,5,"pcs"],["USD","AVz5wcrn-jtxr-f30F69","Zamaha - AVENTAGE 7.2-Ch. 4K Ultra HD A\/V Home Theater Receiver - Black",1330,6,"pcs"]],"sales_person":48.0,"ship_to_address":"UT, 84087, WEST 900  NORTH, 1250","datetime":"2019-08-15 14:49:30","hour":14,"minute":49,"5minutes":"14-45"}]