[{"clicked_items":[["AVpiBT8VLJeJML43hWwi",47],["AVpfHcah1cnluZ0-eQLY",83],["AVpfMVD-ilAPnD_xW6bu",62],["AVpg59zyilAPnD_xyv3y",50],["AVpfZaCp1cnluZ0-kDV9",56],["AVpf6QQIilAPnD_xkYtp",93],["AVpfv62D1cnluZ0-qkPY",86],["AVpgIKYELJeJML43JV9V",88],["AVqVGHKQnnc1JgDc3jDC",78],["AVpe_semLJeJML430DAU",91]],"customer_id":"24775358","customer_name":"accel integrated electronics","number_of_line_items":"2","order_datetime":"1565880052","order_number":275783134,"ordered_products":[["USD","AVqVGHKQnnc1JgDc3jDC","BC-TRW W Series Battery Charger (Black)",94,3,"pcs"],["USD","AVpe_semLJeJML430DAU","Ramsung J3 - Verizon Prepaid",242,3,"pcs"]],"sales_person":28.0,"ship_to_address":"FL, 32953, PATRICK AVE, 315","datetime":"2019-08-15 14:40:52","hour":14,"minute":40,"5minutes":"14-40"}]