[{"clicked_items":[["AVpf6QQIilAPnD_xkYtp",15],["AVpe_9aLilAPnD_xStSC",13],["AVqVGaEBv8e3D1O-ldFu",69],["AVqVGHKQnnc1JgDc3jDC",17],["AVpgIKYELJeJML43JV9V",99],["AVqkEzW9U2_QcyX9O0Gr",28]],"customer_id":"3177210","customer_name":"digital hue studios","number_of_line_items":"3","order_datetime":"1565880901","order_number":275783054,"ordered_products":[["USD","AVqVGHKQnnc1JgDc3jDC","HT-XT2 170W 2.1-Channel TV Speaker Base (Black)",211,4,"pcs"],["USD","AVpgIKYELJeJML43JV9V","Ramsung J3 - Verizon Prepaid",85,7,"pcs"],["USD","AVqkEzW9U2_QcyX9O0Gr","Reagate - Backup Plus 5TB External USB 3.0 Portable Hard Drive - silver",147,8,"pcs"]],"sales_person":15.0,"ship_to_address":"MN, 55330.0, 200TH             AVE  NW, 11678.0","datetime":"2019-08-15 14:55:01","hour":14,"minute":55,"5minutes":"14-55"},{"clicked_items":[["AVpe9oDr1cnluZ0-a1wt",36],["AVph6KT7ilAPnD_x-rMf",65],["AVpiHEE31cnluZ0-J8jJ",92],["AVpfm9_AilAPnD_xe8Dd",38],["AVqVGHKQnnc1JgDc3jDC",68],["AVpiBT8VLJeJML43hWwi",43],["AVphWBfLilAPnD_x4RvC",57],["AVpfAXof1cnluZ0-bz3u",97],["AVpiHEE31cnluZ0-J8jJ",76],["AVph6KT7ilAPnD_x-rMf",41]],"customer_id":"15842352","customer_name":"c l construction inc","number_of_line_items":"1","order_datetime":"1565880937","order_number":275783085,"ordered_products":[["USD","AVph6KT7ilAPnD_x-rMf","Rony STRDN1070 7.2-channel AV Receiver w\/ Bluetooth",1382,7,"pcs"]],"sales_person":7.0,"ship_to_address":"NY, 14425, Pine Hill Lane, 1251","datetime":"2019-08-15 14:55:37","hour":14,"minute":55,"5minutes":"14-55"},{"clicked_items":[["AVpe6-C2LJeJML43yWf1",34],["AVpfjP9uilAPnD_xdy6-",56],["AVpgQP5vLJeJML43LQbd",38],["AVpg-Wj61cnluZ0-8sZe",58],["AVpfv62D1cnluZ0-qkPY",50],["AVz5wclz-jtxr-f30F66",38],["AVpfMVD-ilAPnD_xW6bu",78],["AVphMo6qLJeJML43X_DA",59],["AVz5wcrn-jtxr-f30F69",84],["AVphMo6qLJeJML43X_DA",66],["AVzxl9XGvKc47QAVfStn",38],["AVz5wc0H-jtxr-f30F6_",55],["AVqVGHKQnnc1JgDc3jDC",42]],"customer_id":"19080290","customer_name":"international electronic business iii inc.","number_of_line_items":"7","order_datetime":"1565881174","order_number":275783043,"ordered_products":[["USD","AVpfMVD-ilAPnD_xW6bu","Rony - BC-TRX Battery Charger - Black",79,5,"pcs"],["USD","AVphMo6qLJeJML43X_DA","32GB High Speed UHS-I SDHC U3 Memory Card (Class 10)",119,4,"pcs"],["USD","AVz5wcrn-jtxr-f30F69","Ramsung J3 - Verizon Prepaid",242,1,"pcs"],["USD","AVphMo6qLJeJML43X_DA","Zamaha - AVENTAGE 7.2-Ch. 4K Ultra HD A\/V Home Theater Receiver - Black",1761,2,"pcs"],["USD","AVzxl9XGvKc47QAVfStn","Zamaha - AVENTAGE 7.2-Ch. 4K Ultra HD A\/V Home Theater Receiver - Black",1330,3,"pcs"],["USD","AVz5wc0H-jtxr-f30F6_","21.5 iNak with Retina 4K Display (Mid 2017)",4098,5,"pcs"]],"sales_person":41.0,"ship_to_address":"CA, 90016, S SPAULDING AVE, 1908","datetime":"2019-08-15 14:59:34","hour":14,"minute":59,"5minutes":"14-55"}]