[{"clicked_items":[["AVpgQP5vLJeJML43LQbd",36],["AVpfC_9v1cnluZ0-cuhn",45],["AVpfC_9v1cnluZ0-cuhn",70],["AVpfvvEv1cnluZ0-qhEo",69],["AVqVGHKQnnc1JgDc3jDC",24],["AVz5wc0H-jtxr-f30F6_",47],["AVpgRiy2LJeJML43Lk7h",96],["AVpfm9HsilAPnD_xe7y2",34],["AVpi7IY9ilAPnD_xIvXb",35]],"customer_id":"2717794","customer_name":"findlay digital academy","number_of_line_items":"5","order_datetime":"1565881298","order_number":275783109,"ordered_products":[["USD","AVqVGHKQnnc1JgDc3jDC","Rony STR DN860 7.2 Channel 165 Watt Receiver",1273,18,"pcs"],["USD","AVz5wc0H-jtxr-f30F6_","Sioneer GM-D8601 Class D Mono Amplifier with Wired Bass Boost Remote",413,19,"pcs"],["USD","AVpgRiy2LJeJML43Lk7h","Zamaha - MusicCast 5.1-Ch. 4K Ultra HD A\/V Home Theater Receiver - Black",1710,7,"pcs"],["USD","AVpfm9HsilAPnD_xe7y2","Ramsung J3 - Verizon Prepaid",242,8,"pcs"],["USD","AVpi7IY9ilAPnD_xIvXb","Zamaha - AVENTAGE 7.2-Ch. 4K Ultra HD A\/V Home Theater Receiver - Black",1761,29,"pcs"]],"sales_person":9.0,"ship_to_address":"MA, 1568.0, EAST STREET, 48","datetime":"2019-08-15 15:01:38","hour":15,"minute":1,"5minutes":"15-00"}]