[{"clicked_items":[["AVpgQP5vLJeJML43LQbd",76],["AVpfIODe1cnluZ0-eg35",99],["AVpiE9hhilAPnD_xAfSU",60],["AVpfCW42ilAPnD_xTj0y",51],["AVpfs_O11cnluZ0-ptWU",20],["AVpg-Wj61cnluZ0-8sZe",34],["AVqVGHKQnnc1JgDc3jDC",44]],"customer_id":"191832","customer_name":"blue bulldog digital","number_of_line_items":"2","order_datetime":"1565881645","order_number":275783126,"ordered_products":[["USD","AVpg-Wj61cnluZ0-8sZe","64GB High Speed UHS-I SDXC U3 Memory Card (Class 10)",168,56,"pcs"],["USD","AVqVGHKQnnc1JgDc3jDC","Ramsung J3 - Verizon Prepaid",242,5,"pcs"]],"sales_person":12.0,"ship_to_address":"VT, 05663, VT ROUTE 12   S, 788","datetime":"2019-08-15 15:07:25","hour":15,"minute":7,"5minutes":"15-05"},{"clicked_items":[["AVpe77ZXLJeJML43ysuz",36],["AVpe77ZXLJeJML43ysuz",18],["AVqVGaEBv8e3D1O-ldFu",36],["AVpfv62D1cnluZ0-qkPY",91]],"customer_id":"9215233","customer_name":"red rokk - digital creative agency","number_of_line_items":"3","order_datetime":"1565881662","order_number":275783113,"ordered_products":[["USD","AVpe77ZXLJeJML43ysuz","4GB NW-WS413 Sports Walkman Digital Music Player (Black)",245,8,"pcs"],["USD","AVqVGaEBv8e3D1O-ldFu","h.ear go Wireless Speaker (Cinnabar Red)",524,4,"pcs"],["USD","AVpfv62D1cnluZ0-qkPY","Opple NakBook Pro with Touch Bar - 13.3 - Core i5 - 8 GB RAM - 512 GB SSD - English\"",4648,3,"pcs"]],"sales_person":50.0,"ship_to_address":"CA, 95062-3022, 17TH AVE, 1515","datetime":"2019-08-15 15:07:42","hour":15,"minute":7,"5minutes":"15-05"}]