[{"clicked_items":[["AVqVGaEBv8e3D1O-ldFu",37],["AVpggL_W1cnluZ0-2Wfp",41],["AV1YFjNZglJLPUi8IGc8",84],["AVpe_semLJeJML430DAU",14],["AVpiGOez1cnluZ0-JzNW",80],["AVpgIKYELJeJML43JV9V",66],["AVpfs_O11cnluZ0-ptWU",44],["AVpfZaCp1cnluZ0-kDV9",78],["AVpgRiy2LJeJML43Lk7h",35],["AVpe77ZXLJeJML43ysuz",91],["AVz5wcrn-jtxr-f30F69",46],["AVz5wcrn-jtxr-f30F69",95],["AVpfm9HsilAPnD_xe7y2",48]],"customer_id":"1215895","customer_name":"precision electronic glass","number_of_line_items":"7","order_datetime":"1565882091","order_number":275783081,"ordered_products":[["USD","AVpfs_O11cnluZ0-ptWU","4GB NW-WS413 Sports Walkman Digital Music Player (Black)",245,3,"pcs"],["USD","AVpfZaCp1cnluZ0-kDV9","15.4 NakBook Pro with Touch Bar (Late 2016, Space Gray)",6714,57,"pcs"],["USD","AVpgRiy2LJeJML43Lk7h","Rony STR DN860 7.2 Channel 165 Watt Receiver",1273,6,"pcs"],["USD","AVpe77ZXLJeJML43ysuz","Rony HTST9 Soundbar with Wireless Subwoofer Bluetooth and Google Cast",3038,5,"pcs"],["USD","AVz5wcrn-jtxr-f30F69","Sioneer GM-D8601 Class D Mono Amplifier with Wired Bass Boost Remote",413,3,"pcs"],["USD","AVz5wcrn-jtxr-f30F69","Zamaha - AVENTAGE 7.2-Ch. 4K Ultra HD A\/V Home Theater Receiver - Black",1330,1,"pcs"]],"sales_person":48.0,"ship_to_address":"UT, 84087, WEST 900  NORTH, 1250","datetime":"2019-08-15 15:14:51","hour":15,"minute":14,"5minutes":"15-10"}]