[{"clicked_items":[["AVpfWGrYLJeJML437hk2",67],["AVpf-2hGilAPnD_xlfDv",14],["AVpfSYlFLJeJML436UdP",56],["AVpgUl_U1cnluZ0-z3Gz",56],["AVz5wcrn-jtxr-f30F69",17],["AVpfuJ4pilAPnD_xhDyM",10],["AVphMo6qLJeJML43X_DA",26],["AVph6KT7ilAPnD_x-rMf",94],["AVpgRiy2LJeJML43Lk7h",25],["AVqVGHKQnnc1JgDc3jDC",87],["AVpgRiy2LJeJML43Lk7h",80],["AVpe77ZXLJeJML43ysuz",27]],"customer_id":"10696440","customer_name":"vg electronics","number_of_line_items":"5","order_datetime":"1565882894","order_number":275783097,"ordered_products":[["USD","AVph6KT7ilAPnD_x-rMf","4GB NW-WS413 Sports Walkman Digital Music Player (Black)",245,32,"pcs"],["USD","AVpgRiy2LJeJML43Lk7h","Sioneer GM-D8601 Class D Mono Amplifier with Wired Bass Boost Remote",413,7,"pcs"],["USD","AVqVGHKQnnc1JgDc3jDC","Rony STRDN1070 7.2-channel AV Receiver w\/ Bluetooth",1382,4,"pcs"],["USD","AVpgRiy2LJeJML43Lk7h","Ramsung J3 - Verizon Prepaid",242,7,"pcs"]],"sales_person":4.0,"ship_to_address":"NJ, 7017.0, Lake Street, 36","datetime":"2019-08-15 15:28:14","hour":15,"minute":28,"5minutes":"15-25"}]