[{"clicked_items":[["AVpfZaCp1cnluZ0-kDV9",62],["AVpfv62D1cnluZ0-qkPY",85],["AVqVGHKQnnc1JgDc3jDC",41],["AVpfv62D1cnluZ0-qkPY",73],["AVpe77ZXLJeJML43ysuz",30],["AVpe_9aLilAPnD_xStSC",41],["AVpfHcah1cnluZ0-eQLY",44]],"customer_id":"24134422","customer_name":"agc electronics america","number_of_line_items":"6","order_datetime":"1565883582","order_number":275783088,"ordered_products":[["USD","AVpfv62D1cnluZ0-qkPY","4GB NW-WS413 Sports Walkman Digital Music Player (Black)",245,3,"pcs"],["USD","AVqVGHKQnnc1JgDc3jDC","SP-C22 Andrew Jones Designed Center Channel Speaker",273,9,"pcs"],["USD","AVpfv62D1cnluZ0-qkPY","SP-FS52 Andrew Jones Designed Floorstanding Loudspeaker",424,4,"pcs"],["USD","AVpe77ZXLJeJML43ysuz","h.ear go Wireless Speaker (Cinnabar Red)",524,24,"pcs"],["USD","AVpe_9aLilAPnD_xStSC","Ramsung J3 - Verizon Prepaid",242,5,"pcs"]],"sales_person":22.0,"ship_to_address":"WI, 53913.0, COUNTY ROAD A, S3610","datetime":"2019-08-15 15:39:42","hour":15,"minute":39,"5minutes":"15-35"}]