[{"clicked_items":[["AVpgUl_U1cnluZ0-z3Gz",65],["AVpf-2hGilAPnD_xlfDv",77],["AVph6KT7ilAPnD_x-rMf",69],["AVpftMuHLJeJML43COhu",51],["AVqkEzW9U2_QcyX9O0Gr",88],["AVpfCW42ilAPnD_xTj0y",57],["AVpfeG5oilAPnD_xcTsG",88],["AVpfv62D1cnluZ0-qkPY",58],["AVpfm9HsilAPnD_xe7y2",80],["AVz5wcrn-jtxr-f30F69",58],["AVpfeG5oilAPnD_xcTsG",84],["AV1YFjNZglJLPUi8IGc8",38]],"customer_id":"29187330","customer_name":"kent electronics","number_of_line_items":"6","order_datetime":"1565883192","order_number":275783087,"ordered_products":[["USD","AVpfeG5oilAPnD_xcTsG","Sioneer - 8x External USB 3.0 Quad-Layer Blu-ray Disc DL DVD\u00b1RW\/CD-RW Drive - Silver",216,12,"pcs"],["USD","AVpfv62D1cnluZ0-qkPY","Zamaha - 6-1\/2 2-Way In-Ceiling Speakers (Pair) - White\"",370,2,"pcs"],["USD","AVpfm9HsilAPnD_xe7y2","Rony STR DN860 7.2 Channel 165 Watt Receiver",1273,2,"pcs"],["USD","AVz5wcrn-jtxr-f30F69","h.ear go Wireless Speaker (Cinnabar Red)",524,3,"pcs"],["USD","AVpfeG5oilAPnD_xcTsG","Zamaha - AVENTAGE 7.2-Ch. 4K Ultra HD A\/V Home Theater Receiver - Black",1330,11,"pcs"]],"sales_person":40.0,"ship_to_address":"FL, 33971, JUDY AVE N, 5900","datetime":"2019-08-15 15:33:12","hour":15,"minute":33,"5minutes":"15-30"},{"clicked_items":[["AVpfv62D1cnluZ0-qkPY",94],["AVz5wc0H-jtxr-f30F6_",71]],"customer_id":"5067107","customer_name":"digital latin america","number_of_line_items":"2","order_datetime":"1565883215","order_number":275783086,"ordered_products":[["USD","AVpfv62D1cnluZ0-qkPY","h.ear go Wireless Speaker (Cinnabar Red)",524,13,"pcs"],["USD","AVz5wc0H-jtxr-f30F6_","Zamaha - AVENTAGE 7.2-Ch. 4K Ultra HD A\/V Home Theater Receiver - Black",1761,4,"pcs"]],"sales_person":6.0,"ship_to_address":"RI, 02874, SUGARBUSH TRL, 56","datetime":"2019-08-15 15:33:35","hour":15,"minute":33,"5minutes":"15-30"},{"clicked_items":[["AVph6KT7ilAPnD_x-rMf",30],["AVz5wcrn-jtxr-f30F69",89]],"customer_id":"2909428","customer_name":"mirror digital media","number_of_line_items":"2","order_datetime":"1565883239","order_number":275783069,"ordered_products":[["USD","AVph6KT7ilAPnD_x-rMf","Rony STRDN1070 7.2-channel AV Receiver w\/ Bluetooth",1382,14,"pcs"],["USD","AVz5wcrn-jtxr-f30F69","Zamaha - AVENTAGE 7.2-Ch. 4K Ultra HD A\/V Home Theater Receiver - Black",1330,19,"pcs"]],"sales_person":33.0,"ship_to_address":"VA, 23233, BROADFORD TER, 2937","datetime":"2019-08-15 15:33:59","hour":15,"minute":33,"5minutes":"15-30"}]