[{"clicked_items":[["AVpg59zyilAPnD_xyv3y",62],["AVpfKRGKLJeJML433rPX",72],["AVpgUl_U1cnluZ0-z3Gz",68],["AVpg59zyilAPnD_xyv3y",64],["AVphWBfLilAPnD_x4RvC",74],["AVpfs_O11cnluZ0-ptWU",42],["AVpiJoY0LJeJML43iz5-",47],["AVph6KT7ilAPnD_x-rMf",96],["AVph6KT7ilAPnD_x-rMf",19],["AVpfv62D1cnluZ0-qkPY",22],["AVpe77ZXLJeJML43ysuz",81]],"customer_id":"34024750","customer_name":"ats mobile electronics","number_of_line_items":"4","order_datetime":"1565884091","order_number":275783074,"ordered_products":[["USD","AVph6KT7ilAPnD_x-rMf","4GB NW-WS413 Sports Walkman Digital Music Player (Black)",245,7,"pcs"],["USD","AVph6KT7ilAPnD_x-rMf","h.ear go Wireless Speaker (Cinnabar Red)",524,20,"pcs"],["USD","AVpfv62D1cnluZ0-qkPY","Rony STRDN1070 7.2-channel AV Receiver w\/ Bluetooth",1382,6,"pcs"]],"sales_person":47.0,"ship_to_address":"WA, 98122, 22ND AVE, 1601","datetime":"2019-08-15 15:48:11","hour":15,"minute":48,"5minutes":"15-45"}]