[{"clicked_items":[["AVpfuJ4pilAPnD_xhDyM",24],["AVpio2wSilAPnD_xGGln",92],["AVqVGHKQnnc1JgDc3jDC",35],["AVpfs_O11cnluZ0-ptWU",16],["AVqVGHKQnnc1JgDc3jDC",53],["AVpfm9HsilAPnD_xe7y2",82],["AVz5wcrn-jtxr-f30F69",77]],"customer_id":"11930264","customer_name":"wisdom's gate","number_of_line_items":"5","order_datetime":"1565884788","order_number":275783136,"ordered_products":[["USD","AVqVGHKQnnc1JgDc3jDC","Rony STR DN860 7.2 Channel 165 Watt Receiver",1273,1,"pcs"],["USD","AVpfs_O11cnluZ0-ptWU","Rony HTST9 Soundbar with Wireless Subwoofer Bluetooth and Google Cast",3038,6,"pcs"],["USD","AVqVGHKQnnc1JgDc3jDC","Ramsung J3 - Verizon Prepaid",242,4,"pcs"],["USD","AVpfm9HsilAPnD_xe7y2","Zamaha - AVENTAGE 7.2-Ch. 4K Ultra HD A\/V Home Theater Receiver - Black",1330,5,"pcs"]],"sales_person":48.0,"ship_to_address":"CA, 91362.0, SHELTER WOOD CT, 2830","datetime":"2019-08-15 15:59:48","hour":15,"minute":59,"5minutes":"15-55"}]