[{"clicked_items":[["AVphMo6qLJeJML43X_DA",40],["AVpfeG5oilAPnD_xcTsG",75],["AVpfv62D1cnluZ0-qkPY",64],["AVz5wcrn-jtxr-f30F69",34],["AVz5wc0H-jtxr-f30F6_",45]],"customer_id":"6952162","customer_name":"disruptive digital agency","number_of_line_items":"5","order_datetime":"1565885120","order_number":275783058,"ordered_products":[["USD","AVphMo6qLJeJML43X_DA","Zamaha - 6-1\/2 2-Way In-Ceiling Speakers (Pair) - White\"",370,8,"pcs"],["USD","AVpfeG5oilAPnD_xcTsG","h.ear go Wireless Speaker (Cinnabar Red)",524,13,"pcs"],["USD","AVpfv62D1cnluZ0-qkPY","32GB High Speed UHS-I SDHC U3 Memory Card (Class 10)",119,20,"pcs"],["USD","AVz5wcrn-jtxr-f30F69","Zamaha - AVENTAGE 7.2-Ch. 4K Ultra HD A\/V Home Theater Receiver - Black",1761,9,"pcs"],["USD","AVz5wc0H-jtxr-f30F6_","Zamaha - AVENTAGE 7.2-Ch. 4K Ultra HD A\/V Home Theater Receiver - Black",1330,10,"pcs"]],"sales_person":9.0,"ship_to_address":"PA, 15120, PINEWOOD DR, 3460","datetime":"2019-08-15 16:05:20","hour":16,"minute":5,"5minutes":"16-05"},{"clicked_items":[["AVpiGOez1cnluZ0-JzNW",77],["AVpfm9_AilAPnD_xe8Dd",12],["AVpfZaCp1cnluZ0-kDV9",77],["AVpiHEE31cnluZ0-J8jJ",99],["AVpfv62D1cnluZ0-qkPY",56],["AV1YFjNZglJLPUi8IGc8",99],["AVpfAXof1cnluZ0-bz3u",31],["AVpfX03ALJeJML438DC6",91],["AVpfvr461cnluZ0-qgHR",63],["AVph6KT7ilAPnD_x-rMf",84],["AVphMo6qLJeJML43X_DA",45],["AVpfm9HsilAPnD_xe7y2",52]],"customer_id":"9215233","customer_name":"red rokk - digital creative agency","number_of_line_items":"3","order_datetime":"1565885231","order_number":275783090,"ordered_products":[["USD","AVph6KT7ilAPnD_x-rMf","Rony STR DN860 7.2 Channel 165 Watt Receiver",1273,4,"pcs"],["USD","AVphMo6qLJeJML43X_DA","Rony STRDN1070 7.2-channel AV Receiver w\/ Bluetooth",1382,7,"pcs"],["USD","AVpfm9HsilAPnD_xe7y2","32GB High Speed UHS-I SDHC U3 Memory Card (Class 10)",119,7,"pcs"]],"sales_person":50.0,"ship_to_address":"CA, 95062-3022, 17TH AVE, 1515","datetime":"2019-08-15 16:07:11","hour":16,"minute":7,"5minutes":"16-05"},{"clicked_items":[["AVpfC_9v1cnluZ0-cuhn",22],["AVpfKRGKLJeJML433rPX",44],["AVpio2wSilAPnD_xGGln",44],["AVpiGOez1cnluZ0-JzNW",21],["AVpg-Wj61cnluZ0-8sZe",20],["AVpfMVD-ilAPnD_xW6bu",80],["AVpfeG5oilAPnD_xcTsG",16],["AVpfjP9uilAPnD_xdy6-",72],["AVpgRiy2LJeJML43Lk7h",43],["AVpe77ZXLJeJML43ysuz",52],["AVph6KT7ilAPnD_x-rMf",40]],"customer_id":"31275770","customer_name":"hall group solutions, llc","number_of_line_items":"3","order_datetime":"1565885369","order_number":275783068,"ordered_products":[["USD","AVpgRiy2LJeJML43Lk7h","4GB NW-WS413 Sports Walkman Digital Music Player (Black)",245,59,"pcs"],["USD","AVpe77ZXLJeJML43ysuz","Sioneer GM-D8601 Class D Mono Amplifier with Wired Bass Boost Remote",413,2,"pcs"],["USD","AVph6KT7ilAPnD_x-rMf","Rony STRDN1070 7.2-channel AV Receiver w\/ Bluetooth",1382,3,"pcs"]],"sales_person":43.0,"ship_to_address":"OR, 97211.0, NE CLEVELAND AVE, 6354","datetime":"2019-08-15 16:09:29","hour":16,"minute":9,"5minutes":"16-05"}]