[{"clicked_items":[["AVpiHEE31cnluZ0-J8jJ",24],["AVpgIKYELJeJML43JV9V",26],["AVpe9oDr1cnluZ0-a1wt",54],["AVpe77ZXLJeJML43ysuz",26],["AVphMo6qLJeJML43X_DA",31],["AVpe77ZXLJeJML43ysuz",34],["AVpfeG5oilAPnD_xcTsG",22],["AVph6KT7ilAPnD_x-rMf",58],["AVpfs_O11cnluZ0-ptWU",96]],"customer_id":"24134422","customer_name":"agc electronics america","number_of_line_items":"2","order_datetime":"1565884847","order_number":275783107,"ordered_products":[["USD","AVph6KT7ilAPnD_x-rMf","Rony HTST9 Soundbar with Wireless Subwoofer Bluetooth and Google Cast",3038,57,"pcs"],["USD","AVpfs_O11cnluZ0-ptWU","Rony STRDN1070 7.2-channel AV Receiver w\/ Bluetooth",1382,8,"pcs"]],"sales_person":22.0,"ship_to_address":"WI, 53913.0, COUNTY ROAD A, S3610","datetime":"2019-08-15 16:00:47","hour":16,"minute":0,"5minutes":"16-00"},{"clicked_items":[["AVpi7IY9ilAPnD_xIvXb",27],["AVpe6-C2LJeJML43yWf1",71],["AVpfKRGKLJeJML433rPX",50],["AVpfv62D1cnluZ0-qkPY",51],["AVpfm9HsilAPnD_xe7y2",48],["AVz5wc0H-jtxr-f30F6_",43],["AVphMo6qLJeJML43X_DA",80],["AVz5wc0H-jtxr-f30F6_",93],["AVqVGHKQnnc1JgDc3jDC",87],["AVpgUl_U1cnluZ0-z3Gz",75]],"customer_id":"27209334","customer_name":"digital movers","number_of_line_items":"6","order_datetime":"1565884865","order_number":275783099,"ordered_products":[["USD","AVpfm9HsilAPnD_xe7y2","Rony STR DN860 7.2 Channel 165 Watt Receiver",1273,7,"pcs"],["USD","AVz5wc0H-jtxr-f30F6_","Elite A-20 2-Channel Integrated Amplifier",758,8,"pcs"],["USD","AVphMo6qLJeJML43X_DA","32GB High Speed UHS-I SDHC U3 Memory Card (Class 10)",119,5,"pcs"],["USD","AVz5wc0H-jtxr-f30F6_","Ramsung J3 - Verizon Prepaid",242,3,"pcs"],["USD","AVqVGHKQnnc1JgDc3jDC","Zamaha - AVENTAGE 7.2-Ch. 4K Ultra HD A\/V Home Theater Receiver - Black",1761,29,"pcs"]],"sales_person":34.0,"ship_to_address":"FL, 34266, SW PRIDE TER, 4289","datetime":"2019-08-15 16:01:05","hour":16,"minute":1,"5minutes":"16-00"},{"clicked_items":[["AVqVGUFCv8e3D1O-ldFF",24],["AVpi7IY9ilAPnD_xIvXb",77],["AVpg-Wj61cnluZ0-8sZe",31],["AVpe6-C2LJeJML43yWf1",58],["AVpe7f2rLJeJML43yi3P",91],["AVz5wc0H-jtxr-f30F6_",75],["AVpg59zyilAPnD_xyv3y",17],["AVpi7IY9ilAPnD_xIvXb",76],["AVwjdOdov8e3D1O-nnK9",56],["AVpfeG5oilAPnD_xcTsG",13],["AVz5wc0H-jtxr-f30F6_",85],["AVpe77ZXLJeJML43ysuz",60]],"customer_id":"16917979","customer_name":"sun digital marketing","number_of_line_items":"3","order_datetime":"1565884979","order_number":275783129,"ordered_products":[["USD","AVpfeG5oilAPnD_xcTsG","4GB NW-WS413 Sports Walkman Digital Music Player (Black)",245,8,"pcs"],["USD","AVz5wc0H-jtxr-f30F6_","Zamaha - 6-1\/2 2-Way In-Ceiling Speakers (Pair) - White\"",370,2,"pcs"],["USD","AVpe77ZXLJeJML43ysuz","Zamaha - AVENTAGE 7.2-Ch. 4K Ultra HD A\/V Home Theater Receiver - Black",1761,6,"pcs"]],"sales_person":20.0,"ship_to_address":"OH, 44145, HUMMINGBIRD CIR, 29407","datetime":"2019-08-15 16:02:59","hour":16,"minute":2,"5minutes":"16-00"},{"clicked_items":[["AVpfIODe1cnluZ0-eg35",96],["AVpfX03ALJeJML438DC6",72],["AVpe48Es1cnluZ0-ZHZU",81],["AVpg-Wj61cnluZ0-8sZe",87],["AVpgRiy2LJeJML43Lk7h",54],["AVpe77ZXLJeJML43ysuz",51],["AVqVGHKQnnc1JgDc3jDC",83],["AVpiJoY0LJeJML43iz5-",10],["AVpf6QQIilAPnD_xkYtp",12],["AVpgRiy2LJeJML43Lk7h",62]],"customer_id":"1215895","customer_name":"precision electronic glass","number_of_line_items":"7","order_datetime":"1565884981","order_number":275783045,"ordered_products":[["USD","AVpg-Wj61cnluZ0-8sZe","4GB NW-WS413 Sports Walkman Digital Music Player (Black)",245,6,"pcs"],["USD","AVpgRiy2LJeJML43Lk7h","Sioneer - Andrew Jones Soundbar System with 6-1\/2 Wireless Subwoofer - Black\"",1097,7,"pcs"],["USD","AVpe77ZXLJeJML43ysuz","64GB High Speed UHS-I SDXC U3 Memory Card (Class 10)",168,1,"pcs"],["USD","AVqVGHKQnnc1JgDc3jDC","Sioneer GM-D8601 Class D Mono Amplifier with Wired Bass Boost Remote",413,6,"pcs"],["USD","AVpiJoY0LJeJML43iz5-","SRS-XB2 Portable Bluetooth Wireless Speaker (Red)",182,46,"pcs"],["USD","AVpf6QQIilAPnD_xkYtp","Ramsung J3 - Verizon Prepaid",242,7,"pcs"]],"sales_person":48.0,"ship_to_address":"UT, 84087, WEST 900  NORTH, 1250","datetime":"2019-08-15 16:03:01","hour":16,"minute":3,"5minutes":"16-00"}]