[{"clicked_items":[["AVpfs_O11cnluZ0-ptWU",35],["AVpfWGrYLJeJML437hk2",55],["AVqVGUFCv8e3D1O-ldFF",36],["AVpe6-C2LJeJML43yWf1",23],["AVpfm9HsilAPnD_xe7y2",14],["AVqVGHKQnnc1JgDc3jDC",86]],"customer_id":"501239","customer_name":"electro express llc","number_of_line_items":"2","order_datetime":"1565885484","order_number":275783112,"ordered_products":[["USD","AVpfm9HsilAPnD_xe7y2","Rony STR DN860 7.2 Channel 165 Watt Receiver",1273,9,"pcs"],["USD","AVqVGHKQnnc1JgDc3jDC","Ramsung J3 - Verizon Prepaid",242,6,"pcs"]],"sales_person":10.0,"ship_to_address":"MA, 2135, N Beacon Street, 282","datetime":"2019-08-15 16:11:24","hour":16,"minute":11,"5minutes":"16-10"},{"clicked_items":[["AVpfWGrYLJeJML437hk2",82],["AVpe9oDr1cnluZ0-a1wt",86],["AVpe48Es1cnluZ0-ZHZU",92],["AVqVGHKQnnc1JgDc3jDC",30],["AVpgRiy2LJeJML43Lk7h",47],["AVpfWxx7LJeJML437u-H",17],["AVpfv62D1cnluZ0-qkPY",53],["AVpfZaCp1cnluZ0-kDV9",59],["AVpiJoY0LJeJML43iz5-",84],["AVpfv62D1cnluZ0-qkPY",37],["AVphMo6qLJeJML43X_DA",98],["AVpjedgc1cnluZ0-W4NI",80]],"customer_id":"10084573","customer_name":"orbit digital","number_of_line_items":"6","order_datetime":"1565885643","order_number":275783121,"ordered_products":[["USD","AVpfv62D1cnluZ0-qkPY","15.4 NakBook Pro with Touch Bar (Late 2016, Space Gray)",6714,22,"pcs"],["USD","AVpfZaCp1cnluZ0-kDV9","h.ear go Wireless Speaker (Cinnabar Red)",524,4,"pcs"],["USD","AVpiJoY0LJeJML43iz5-","32GB High Speed UHS-I SDHC U3 Memory Card (Class 10)",119,8,"pcs"],["USD","AVpfv62D1cnluZ0-qkPY","SRS-XB2 Portable Bluetooth Wireless Speaker (Red)",182,9,"pcs"],["USD","AVphMo6qLJeJML43X_DA","Rony MEXM100BT 160W RMS Marine CD Receiver with Bluetooth (Black) and SiriusXM Ready",684,15,"pcs"]],"sales_person":11.0,"ship_to_address":"NJ, 7450.0, Walthery Avenue, 212","datetime":"2019-08-15 16:14:03","hour":16,"minute":14,"5minutes":"16-10"}]