[{"clicked_items":[["AVqkEzW9U2_QcyX9O0Gr",75],["AVpiBT8VLJeJML43hWwi",22],["AV1YFjNZglJLPUi8IGc8",76],["AVph6KT7ilAPnD_x-rMf",23],["AVqVGaCCU2_QcyX9Ozcf",77],["AVpfv62D1cnluZ0-qkPY",80],["AVpgRiy2LJeJML43Lk7h",21],["AVpiJoY0LJeJML43iz5-",77],["AVpe77ZXLJeJML43ysuz",32],["AVpe77ZXLJeJML43ysuz",60]],"customer_id":"16917979","customer_name":"sun digital marketing","number_of_line_items":"5","order_datetime":"1565886305","order_number":275783049,"ordered_products":[["USD","AVpfv62D1cnluZ0-qkPY","4GB NW-WS413 Sports Walkman Digital Music Player (Black)",245,1,"pcs"],["USD","AVpgRiy2LJeJML43Lk7h","h.ear go Wireless Speaker (Cinnabar Red)",524,5,"pcs"],["USD","AVpiJoY0LJeJML43iz5-","Sioneer GM-D8601 Class D Mono Amplifier with Wired Bass Boost Remote",413,10,"pcs"],["USD","AVpe77ZXLJeJML43ysuz","SRS-XB2 Portable Bluetooth Wireless Speaker (Red)",182,58,"pcs"]],"sales_person":20.0,"ship_to_address":"OH, 44145, HUMMINGBIRD CIR, 29407","datetime":"2019-08-15 16:25:05","hour":16,"minute":25,"5minutes":"16-25"},{"clicked_items":[["AVpg-Wj61cnluZ0-8sZe",16],["AVpfAXof1cnluZ0-bz3u",97],["AVphMo6qLJeJML43X_DA",85],["AVzxl9XGvKc47QAVfStn",83],["AVphMo6qLJeJML43X_DA",95],["AVpfm9_AilAPnD_xe8Dd",57],["AVpe6-C2LJeJML43yWf1",24],["AVzxl9XGvKc47QAVfStn",21],["AVpfv62D1cnluZ0-qkPY",26],["AVpe77ZXLJeJML43ysuz",28],["AVpfuJ4pilAPnD_xhDyM",51]],"customer_id":"25544792","customer_name":"digital reciprocity","number_of_line_items":"3","order_datetime":"1565886412","order_number":275783079,"ordered_products":[["USD","AVpfv62D1cnluZ0-qkPY","4GB NW-WS413 Sports Walkman Digital Music Player (Black)",245,9,"pcs"],["USD","AVpe77ZXLJeJML43ysuz","Rony LBT-GPX555 Mini-System with Bluetooth and NFC",1276,9,"pcs"],["USD","AVpfuJ4pilAPnD_xhDyM","h.ear go Wireless Speaker (Cinnabar Red)",524,4,"pcs"]],"sales_person":27.0,"ship_to_address":"FL, 32405, W  28TH CT, 2130","datetime":"2019-08-15 16:26:52","hour":16,"minute":26,"5minutes":"16-25"}]