[{"clicked_items":[["AVpfPEx61cnluZ0-gyT9",25],["AVpgQP5vLJeJML43LQbd",58],["AVpftMuHLJeJML43COhu",69],["AVpftMuHLJeJML43COhu",39],["AVpfPEx61cnluZ0-gyT9",48],["AVpe9oDr1cnluZ0-a1wt",18],["AVqVGaEBv8e3D1O-ldFu",43],["AVpfKRGKLJeJML433rPX",86],["AVqkEzW9U2_QcyX9O0Gr",25],["AVpfm9HsilAPnD_xe7y2",78],["AVpfeG5oilAPnD_xcTsG",64],["AVpgRiy2LJeJML43Lk7h",24]],"customer_id":"16166082","customer_name":"ramarc foods inc","number_of_line_items":"4","order_datetime":"1565886037","order_number":275783072,"ordered_products":[["USD","AVqkEzW9U2_QcyX9O0Gr","Zamaha - 6-1\/2 2-Way In-Ceiling Speakers (Pair) - White\"",370,8,"pcs"],["USD","AVpfm9HsilAPnD_xe7y2","Rony STR DN860 7.2 Channel 165 Watt Receiver",1273,3,"pcs"],["USD","AVpfeG5oilAPnD_xcTsG","Sioneer GM-D8601 Class D Mono Amplifier with Wired Bass Boost Remote",413,17,"pcs"],["USD","AVpgRiy2LJeJML43Lk7h","Reagate - Backup Plus 5TB External USB 3.0 Portable Hard Drive - silver",418,2,"pcs"]],"sales_person":20.0,"ship_to_address":"OH, 43224, CALIMERO DR, 3450","datetime":"2019-08-15 16:20:37","hour":16,"minute":20,"5minutes":"16-20"}]