[{"clicked_items":[["AVpiJoY0LJeJML43iz5-",32],["AVz5wcrn-jtxr-f30F69",40],["AVzxl9XGvKc47QAVfStn",59],["AVpfm9HsilAPnD_xe7y2",35],["AVpfWGrYLJeJML437hk2",83],["AVpjedgc1cnluZ0-W4NI",97],["AVpfv62D1cnluZ0-qkPY",55],["AVpfZaCp1cnluZ0-kDV9",20],["AVz5wcrn-jtxr-f30F69",43],["AVpe77ZXLJeJML43ysuz",14]],"customer_id":"4011119","customer_name":"symmetry electronics, inc.","number_of_line_items":"4","order_datetime":"1565886659","order_number":275783076,"ordered_products":[["USD","AVpfv62D1cnluZ0-qkPY","4GB NW-WS413 Sports Walkman Digital Music Player (Black)",86,5,"pcs"],["USD","AVpfZaCp1cnluZ0-kDV9","15.4 NakBook Pro with Touch Bar (Late 2016, Space Gray)",2356,5,"pcs"],["USD","AVz5wcrn-jtxr-f30F69","h.ear go Wireless Speaker (Cinnabar Red)",184,3,"pcs"],["USD","AVpe77ZXLJeJML43ysuz","Zamaha - AVENTAGE 7.2-Ch. 4K Ultra HD A\/V Home Theater Receiver - Black",467,9,"pcs"]],"sales_person":27.0,"ship_to_address":"VA, 23231, NEW MARKET RD, 1944","datetime":"2019-08-15 16:30:59","hour":16,"minute":30,"5minutes":"16-30"},{"clicked_items":[["AVpe6-C2LJeJML43yWf1",78],["AVpiE9hhilAPnD_xAfSU",39],["AVpe77ZXLJeJML43ysuz",52],["AVpfeG5oilAPnD_xcTsG",66],["AVpgRiy2LJeJML43Lk7h",69],["AVpiJoY0LJeJML43iz5-",15],["AVph6KT7ilAPnD_x-rMf",38]],"customer_id":"1215895","customer_name":"precision electronic glass","number_of_line_items":"3","order_datetime":"1565886756","order_number":275783130,"ordered_products":[["USD","AVpgRiy2LJeJML43Lk7h","Sioneer GM-D8601 Class D Mono Amplifier with Wired Bass Boost Remote",413,5,"pcs"],["USD","AVpiJoY0LJeJML43iz5-","Rony STRDN1070 7.2-channel AV Receiver w\/ Bluetooth",1382,1,"pcs"],["USD","AVph6KT7ilAPnD_x-rMf","SRS-XB2 Portable Bluetooth Wireless Speaker (Red)",182,27,"pcs"]],"sales_person":48.0,"ship_to_address":"UT, 84087, WEST 900  NORTH, 1250","datetime":"2019-08-15 16:32:36","hour":16,"minute":32,"5minutes":"16-30"}]