[{"clicked_items":[["AVpg-Wj61cnluZ0-8sZe",12],["AVpfIODe1cnluZ0-eg35",73],["AVqVGaEBv8e3D1O-ldFu",50],["AVz5wcrn-jtxr-f30F69",72],["AVpg-Wj61cnluZ0-8sZe",85],["AVpggL_W1cnluZ0-2Wfp",13],["AVpfm9HsilAPnD_xe7y2",29],["AVpfIODe1cnluZ0-eg35",31],["AVqVGHKQnnc1JgDc3jDC",56],["AVpfeG5oilAPnD_xcTsG",66]],"customer_id":"10084573","customer_name":"orbit digital","number_of_line_items":"4","order_datetime":"1565887165","order_number":275783060,"ordered_products":[["USD","AVpfm9HsilAPnD_xe7y2","Cyber-shot DSC-WX220 Digital Camera (Black)",624,8,"pcs"],["USD","AVpfIODe1cnluZ0-eg35","Zamaha - 6-1\/2 2-Way In-Ceiling Speakers (Pair) - White\"",370,2,"pcs"],["USD","AVqVGHKQnnc1JgDc3jDC","Rony STR DN860 7.2 Channel 165 Watt Receiver",1273,6,"pcs"],["USD","AVpfeG5oilAPnD_xcTsG","Ramsung J3 - Verizon Prepaid",242,6,"pcs"]],"sales_person":11.0,"ship_to_address":"NJ, 7450.0, Walthery Avenue, 212","datetime":"2019-08-15 16:39:25","hour":16,"minute":39,"5minutes":"16-35"}]