[{"clicked_items":[["AVphWBfLilAPnD_x4RvC",98],["AVqVGaCCU2_QcyX9Ozcf",28],["AVpe77ZXLJeJML43ysuz",76],["AVpe77ZXLJeJML43ysuz",63]],"customer_id":"10060379","customer_name":"digital collaboration solutions","number_of_line_items":"1","order_datetime":"1565887235","order_number":275783133,"ordered_products":[["USD","AVpe77ZXLJeJML43ysuz","4GB NW-WS413 Sports Walkman Digital Music Player (Black)",245,2,"pcs"]],"sales_person":1.0,"ship_to_address":"NJ, 7652.0, Terhune Avenue, 395","datetime":"2019-08-15 16:40:35","hour":16,"minute":40,"5minutes":"16-40"}]