[{"clicked_items":[["AVpfKRGKLJeJML433rPX",79],["AVphMo6qLJeJML43X_DA",35],["AVpfWGrYLJeJML437hk2",23],["AVpfZaCp1cnluZ0-kDV9",68],["AVpgRiy2LJeJML43Lk7h",98],["AVpfv62D1cnluZ0-qkPY",75],["AVpe77ZXLJeJML43ysuz",20],["AVpfv62D1cnluZ0-qkPY",10],["AVpfuJ4pilAPnD_xhDyM",65]],"customer_id":"5067107","customer_name":"digital latin america","number_of_line_items":"4","order_datetime":"1565888070","order_number":275783122,"ordered_products":[["USD","AVpfv62D1cnluZ0-qkPY","4GB NW-WS413 Sports Walkman Digital Music Player (Black)",245,5,"pcs"],["USD","AVpe77ZXLJeJML43ysuz","Rony LBT-GPX555 Mini-System with Bluetooth and NFC",1276,6,"pcs"],["USD","AVpfv62D1cnluZ0-qkPY","h.ear go Wireless Speaker (Cinnabar Red)",524,8,"pcs"]],"sales_person":6.0,"ship_to_address":"RI, 02874, SUGARBUSH TRL, 56","datetime":"2019-08-15 16:54:30","hour":16,"minute":54,"5minutes":"16-50"}]