[{"clicked_items":[["AVphMo6qLJeJML43X_DA",26],["AVpfAXof1cnluZ0-bz3u",39],["AVpfeG5oilAPnD_xcTsG",18],["AVphMo6qLJeJML43X_DA",89],["AVpiJoY0LJeJML43iz5-",62],["AVpfv62D1cnluZ0-qkPY",73]],"customer_id":"191832","customer_name":"blue bulldog digital","number_of_line_items":"6","order_datetime":"1565888274","order_number":275783106,"ordered_products":[["USD","AVphMo6qLJeJML43X_DA","Ramsung - 960 Pro 1TB Internal PCI Express 3.0 x4 (NVMe 1.1) Solid State Drive",1744,6,"pcs"],["USD","AVpfAXof1cnluZ0-bz3u","Zamaha - 6-1\/2 2-Way In-Ceiling Speakers (Pair) - White\"",370,9,"pcs"],["USD","AVpfeG5oilAPnD_xcTsG","h.ear go Wireless Speaker (Cinnabar Red)",524,2,"pcs"],["USD","AVphMo6qLJeJML43X_DA","32GB High Speed UHS-I SDHC U3 Memory Card (Class 10)",119,4,"pcs"],["USD","AVpiJoY0LJeJML43iz5-","SRS-XB2 Portable Bluetooth Wireless Speaker (Red)",182,3,"pcs"]],"sales_person":12.0,"ship_to_address":"VT, 05663, VT ROUTE 12   S, 788","datetime":"2019-08-15 16:57:54","hour":16,"minute":57,"5minutes":"16-55"}]