{"commitInfo":{"timestamp":1583186147225,"userId":"8547104844435552","userName":"cagdas.yetkin@datapao.com","operation":"WRITE","operationParameters":{"mode":"Overwrite","partitionBy":"[]"},"notebook":{"notebookId":"3938865117061837"},"clusterId":"1127-103033-hexed526","isolationLevel":"WriteSerializable","isBlindAppend":false}}
{"protocol":{"minReaderVersion":1,"minWriterVersion":2}}
{"metaData":{"id":"d11200c0-10f4-49df-bed8-86296cfeed8b","format":{"provider":"parquet","options":{}},"schemaString":"{\"type\":\"struct\",\"fields\":[{\"name\":\"EAN13\",\"type\":\"long\",\"nullable\":true,\"metadata\":{}},{\"name\":\"EAN5\",\"type\":\"long\",\"nullable\":true,\"metadata\":{}},{\"name\":\"PO\",\"type\":\"long\",\"nullable\":true,\"metadata\":{}},{\"name\":\"datetime\",\"type\":\"long\",\"nullable\":true,\"metadata\":{}},{\"name\":\"password\",\"type\":\"string\",\"nullable\":true,\"metadata\":{}},{\"name\":\"price\",\"type\":\"string\",\"nullable\":true,\"metadata\":{}},{\"name\":\"product_name\",\"type\":\"string\",\"nullable\":true,\"metadata\":{}},{\"name\":\"product_unit\",\"type\":\"string\",\"nullable\":true,\"metadata\":{}},{\"name\":\"purchaser\",\"type\":\"string\",\"nullable\":true,\"metadata\":{}},{\"name\":\"quantity\",\"type\":\"long\",\"nullable\":true,\"metadata\":{}},{\"name\":\"supplier\",\"type\":\"string\",\"nullable\":true,\"metadata\":{}}]}","partitionColumns":[],"configuration":{},"createdTime":1583186144970}}
{"add":{"path":"part-00000-33a8a060-5811-4e95-bbc1-244c3c4b38e6-c000.snappy.parquet","partitionValues":{},"size":115748,"modificationTime":1583186146000,"dataChange":true,"stats":"{\"numRecords\":3973,\"minValues\":{\"EAN13\":2198122549848,\"EAN5\":54984,\"PO\":934211515,\"datetime\":1564619448,\"password\":\"!\\\":oOMn@\",\"price\":\"$ 10\",\"product_name\":\"128GB iPod touch (Gold) (6th Gen\",\"product_unit\":\"pcs\",\"purchaser\":\"ASSAF,  MAJED\",\"quantity\":5,\"supplier\":\"Ankyo\"},\"maxValues\":{\"EAN13\":2198122550813,\"EAN5\":55081,\"PO\":934215514,\"datetime\":1572392614,\"password\":\"~}=eNh48X\",\"price\":\"YEN 59\",\"product_name\":\"h.ear go Wireless Speaker (Virid�\",\"product_unit\":\"pcs\",\"purchaser\":\"WILKINS,  SHANE E\",\"quantity\":50,\"supplier\":\"Zamaha\"},\"nullCount\":{\"EAN13\":0,\"EAN5\":0,\"PO\":0,\"datetime\":0,\"password\":0,\"price\":0,\"product_name\":0,\"product_unit\":0,\"purchaser\":0,\"quantity\":0,\"supplier\":0}}"}}
