{"commitInfo":{"timestamp":1584368564621,"userId":"6066603900543584","userName":"zoltan@datapao.com","operation":"WRITE","operationParameters":{"mode":"Overwrite","partitionBy":"[]"},"notebook":{"notebookId":"1385337752948581"},"clusterId":"0310-074442-casts282","isolationLevel":"WriteSerializable","isBlindAppend":false}}
{"protocol":{"minReaderVersion":1,"minWriterVersion":2}}
{"metaData":{"id":"ecd9acd9-43dc-4adf-8dd9-01cb9d3c3ebc","format":{"provider":"parquet","options":{}},"schemaString":"{\"type\":\"struct\",\"fields\":[{\"name\":\"customer_id\",\"type\":\"integer\",\"nullable\":true,\"metadata\":{}},{\"name\":\"tax_id\",\"type\":\"double\",\"nullable\":true,\"metadata\":{}},{\"name\":\"tax_code\",\"type\":\"string\",\"nullable\":true,\"metadata\":{}},{\"name\":\"customer_name\",\"type\":\"string\",\"nullable\":true,\"metadata\":{}},{\"name\":\"state\",\"type\":\"string\",\"nullable\":true,\"metadata\":{}},{\"name\":\"city\",\"type\":\"string\",\"nullable\":true,\"metadata\":{}},{\"name\":\"postcode\",\"type\":\"string\",\"nullable\":true,\"metadata\":{}},{\"name\":\"street\",\"type\":\"string\",\"nullable\":true,\"metadata\":{}},{\"name\":\"number\",\"type\":\"string\",\"nullable\":true,\"metadata\":{}},{\"name\":\"unit\",\"type\":\"string\",\"nullable\":true,\"metadata\":{}},{\"name\":\"region\",\"type\":\"string\",\"nullable\":true,\"metadata\":{}},{\"name\":\"district\",\"type\":\"string\",\"nullable\":true,\"metadata\":{}},{\"name\":\"lon\",\"type\":\"double\",\"nullable\":true,\"metadata\":{}},{\"name\":\"lat\",\"type\":\"double\",\"nullable\":true,\"metadata\":{}},{\"name\":\"ship_to_address\",\"type\":\"string\",\"nullable\":true,\"metadata\":{}},{\"name\":\"valid_from\",\"type\":\"integer\",\"nullable\":true,\"metadata\":{}},{\"name\":\"valid_to\",\"type\":\"double\",\"nullable\":true,\"metadata\":{}},{\"name\":\"units_purchased\",\"type\":\"double\",\"nullable\":true,\"metadata\":{}},{\"name\":\"loyalty_segment\",\"type\":\"integer\",\"nullable\":true,\"metadata\":{}}]}","partitionColumns":[],"configuration":{},"createdTime":1584368561230}}
{"add":{"path":"part-00000-db8f8abe-4cfd-4c0d-bd99-792bdc32004a-c000.snappy.parquet","partitionValues":{},"size":2607771,"modificationTime":1584368564000,"dataChange":true,"stats":"{\"numRecords\":28813,\"minValues\":{\"customer_id\":1668,\"tax_id\":1.72657852E8,\"tax_code\":\"A\",\"customer_name\":\"\\\"\\\"\\\"\\\"\\\"\\\"\\\"live it up!\\\"\\\"\\\"\\\" tv show\\\"\\\"\",\"state\":\"AK\",\"city\":\" \",\"postcode\":\" \",\"street\":\"00000\",\"number\":\"-9\",\"unit\":\"# 1015\",\"region\":\" \",\"district\":\"1.0\",\"lon\":-158.214151,\"lat\":20.7058628,\"ship_to_address\":\"AK, 99501, E 4TH AVE, 1132\",\"valid_from\":1514765474,\"valid_to\":1.546303228E9,\"units_purchased\":0.0,\"loyalty_segment\":0},\"maxValues\":{\"customer_id\":70797666,\"tax_id\":9.99974746E8,\"tax_code\":\"A\",\"customer_name\":\"zyphon media, inc\",\"state\":\"WY\",\"city\":\"Zion\",\"postcode\":\"99901\",\"street\":\"Zuni Drive\",\"number\":\"W9605\",\"unit\":\"YY\",\"region\":\"WY\",\"district\":\"York County\",\"lon\":105.36003999999998,\"lat\":61.3309071,\"ship_to_address\":\"WY, 82644, POISON SPIDER RD, 488�\",\"valid_from\":1572519464,\"valid_to\":1.561851239E9,\"units_purchased\":876.0,\"loyalty_segment\":3},\"nullCount\":{\"customer_id\":0,\"tax_id\":19389,\"tax_code\":19389,\"customer_name\":0,\"state\":0,\"city\":4765,\"postcode\":0,\"street\":0,\"number\":123,\"unit\":25613,\"region\":15152,\"district\":16732,\"lon\":0,\"lat\":0,\"ship_to_address\":0,\"valid_from\":0,\"valid_to\":27380,\"units_purchased\":0,\"loyalty_segment\":0}}"}}
